标题,引言,作者,出版书,日期,文章属性,关键词,下载数量,引用数量
可解释机器学习在油气领域人工智能中的研究进展与应用展望  CNKI文献,0 引言 当前我国油气对外依存度较高，为保障国家能源安全，从战略层面上需要加强油气资源的勘探开发。但是，随着常规油气的日益枯竭，剩余的可采油气资源大部分属于较难开采的非常规油气[1-2]。在这一背景下，人工智能与油气工业的深度融合，已成为推动油田企业实现规模增产的重要手段[3]。与数值模拟和实验研究等方法相比，通过拟合无法使用机理模型描述的油气田开发数据方式，基于机器学习（Machi...,闵超 文国权 李小刚 赵大志 李昆成,《天然气工业》,2024年09期,期刊,关键词：油气田勘探开发 / 人工智能 / 机器学习 / 可解释机器学习,下载（357）,被引（0）
基于机器学习技术的汉字字体设计方法综述研究  CNKI文献,字体是指字符呈现的视觉特征，是字符结构和笔画在样式风格上的视觉效果。不同视觉效果的字体需要通过字体的设计工作来完成，然而，由于汉字字符的结构与笔画复杂、字符的数量庞大以及繁琐的设计方法导致传统的汉字字体设计成为一项艰巨的工作。随着数智时代的不断发展，人工智能在艺术创意领域展现出巨大的创作潜力，探索机器学习技术在汉字字体设计方面的应用，以期达到替代传统工作的目的，已成为目前设计学科与计算...,周雅琴 武志鹏,《艺术与设计(理论)》,2024年09期,期刊,关键词：字体设计 / 人工智能 / 机器学习 / 字体生成,下载（18）,被引（0）
人工智能背景下机器学习课程教学改革路径探索  CNKI文献,开放科学（资源服务）标识码(OSID) 0 引言 为了推动人工智能行业的进步，党的二十大报告明确指出，把人工智能作为推进战略性新兴产业融合集群发展的驱动力，促进智能技术的创新，并且积极推动区域经济社会数字化、智能化的转型刻不容缓。可以看出，国家层面一直在关心人工智能领域的发展，并且出台了相应政策来推动其进步，期望人工智能为各行各业乃至各个领域的发展提供助力[1]。机器学习课程作为人...,陈蕾 张礼,《电脑知识与技术》,2024年26期,期刊,关键词：人工智能 / 机器学习 / 教学改革 / 教学实践,下载（0）,被引（0）
公共管理研究中的机器学习方法——原理、应用及挑战  CNKI文献,一、引言 当下的社会正处于一个数字爆炸、信息爆炸的时代，党的二十大报告更是提出了加快建设“网络中国、数字中国”的迫切要求。在第四次科技革命中，芯片产业的迅速发展与互联网技术对人们日常生活的渗透使得机器学习蓬勃生长：一方面，高算力低成本的GPU(图形处理器)使人工智能的生产与应用脱离企业，走向民间，机器学习不再是一种高门槛的技术；另一方面，数字经济发展孕育的海量数据也为~#...,刘闻博 王丛虎,《公共管理与政策评论》,2024年05期,期刊,关键词：公共管理研究 / 研究方法 / 机器学习 / 公共价值,下载（1011）,被引（0）
新质生产力时代要求背景下的大学机器学习课程探索与研究  CNKI文献,当今社会正处于技术驱动的快速发展时期，人工智能和机器学习等前沿技术成为推动社会进步和经济增长的关键驱动力[1-2]，培养具备机器学习知识和技能的大学生，成了社会进步和产业发展的共同需求[3-5]。与此同时，习近平总书记提出了发展新质生产力的时代要求，大力发展新质生产力是我国在新发展阶段构筑国家竞争新优势的战略选择[6-7]，这对当代大学生提出了更高的要求。因此，如何培养大学...,焦文华 李丽娟 张印强 梅雪 王莉 刘芃,《创新创业理论研究与实践》,2024年17期,期刊,关键词：新质生产力 / 创新人才 / 产教融合 / 机器学习,下载（20）,被引（0）
机器学习强化的电化学阻抗谱技术及其在锂离子电池研究中的应用  CNKI文献,"锂离子电池因其高能量密度和长循环寿命，在全球能源结构转型和现代储能技术应用中扮演了核心角色。随着电气化的不断发展，动力电池和储能电池的需求激增[1],2022年电动车销量超过1000万辆，电动汽车销量持续增长，到2024年可能达到约1700万辆，占全球销量汽车的五分之一以上[2]。在实际使用过程中人们不仅对锂离子电池的性能提出更高要求，更对电池使用的安全性和可靠性形成广泛关注[3-4]。在可靠性研...",何智峰 陶远哲 胡泳钢 王其聪 杨勇,《储能科学与技术》,2024年09期,期刊,关键词：锂离子电池 / 电化学阻抗谱 / 机器学习 / 寿命预测,下载（416）,被引（0）
基于机器学习的时空出行选择行为研究综述与展望  CNKI文献,时空出行选择行为模型是交通需求分析与预测的基石，为交通系统政策制定、运营管理和系统优化提供了可靠的决策支撑。20世纪60年代，McFadden[1]将可操作性极强的Logit模型和个人随机效用理论结合，时空出行选择行为的建模方法得到迅速发展。20世纪70年代，经典离散选择模型在旧金山湾沿岸高速铁道需求预测中的成功应用，使得非集计分析模型和方法在快速城市化进程中大显身手[2]。在随后的几十年中，学者...,王江波 连芝锐 冯涛 唐立 刘锴,《地理科学进展》,2024年08期,期刊,关键词：时空出行选择行为 / 非集计模型 / 机器学习 / 可解释性,下载（452）,被引（0）
机器学习在无线电领域的典型应用与挑战  CNKI文献,1机器学习 机器学习是一种通过数据训练模型，并通过模型进行预测和决策的技术，主要包括数据采集、数据探索和预处理、模型的建立和训练、模型评估与优化四个基本步骤。按照不同的分类方法，机器学习算法有多种分类结果，深度学习是机器学习算法中通过使用多层神经网络，处理大量复杂的、非结构化数据的新领域，在某些任务上的表现超越了传统的机器学习@#...,黎璐玫 王心尘 王晓冬,《中国无线电》,2024年08期,期刊,关键词：机器学习 / 无线电 / 应用 / 挑战,下载（25）,被引（0）
量子机器学习算法研究概述  CNKI文献,0 引言 随着信息技术的飞速发展和大数据的涌现，传统计算机对数据的处理能力已经达到瓶颈。然而，机器学习作为一门交叉学科，已经对众多领域产生了深远的影响。机器学习算法核心旨在提取有价值的数据训练生成模型，利用模型对数据进行预测与分析，并不断优化、提升模型的性能。同时，第二次量子科技革命催生出量子计算等新兴技术，其中量子计算因具有独特的性质（量子叠加性和并行性），能够实现对数...,侯敏,《通讯世界》,2024年08期,期刊,关键词：机器学习 / 量子机器学习 / 量子计算 / 人工智能,下载（204）,被引（0）
遥感卫星任务智能决策的机器学习方法研究  CNKI文献,遥感卫星任务智能是智能对地观测卫星系统(IEOS)的关键技术之一[1-3]。遥感卫星的任务决策通常采用地面或星上任务规划实现[4]。任务规划软件制定任务的决策策略，包括用户任务需求、卫星基本配置参数、地面系统可用资源、分系统约束条件、分系统间时序匹配、决策优化调度算法、最终指令生成等[5]。任务决策过程可以描述为任务规划软件根据用户需求和可用资源在满足当前卫星各分系统(如姿态控制、载荷、数传)匹配...,杨芳 景丽萍 黄敏 陈雄姿 田帅虎 王抒雁 张宝昕,《航天器工程》,2024年04期,期刊,关键词：遥感卫星 / 任务智能决策 / 机器学习 / 样本模型,下载（128）,被引（0）
机器学习在特殊教育研究中的应用与展望  CNKI文献,"1 引言 机器学习作为人工智能的重要分支，是一种通过算法使机器在经验数据中自动学习规律的计算机程序[1],其核心在于通过数据驱动的方法论，从大量数据中提取关键特征，并基于这些特征构建模型，从而在未知情境中做出智能响应[2]。在教育领域，机器学习已展现出其巨大的潜力，尤其在支持服务、教学预测、教育环境、教育评价、教学模式等方面[3],其优势已经得到了...",陈建军 李泓仪 刘佃振 李涛 宿淑华,《中国特殊教育》,2024年08期,期刊,关键词：机器学习 / 特殊教育研究 / 赋能 / 未来展望,下载（123）,被引（0）
机器学习在环境分析检测中的应用研究进展  CNKI文献,人类工业革命以来，许多环境问题都直接或间接与化学品有关。化学品污染已被联合国环境规划署列为影响人类生存与发展的全球重大环境问题之一[1]。为了评价化学品排放到环境后对环境造成的影响，人们必须准确、及时地了解当前环境中已经发现的有毒物质浓度是否超过安全阈值？还存在哪些潜在的有毒物质？它们从何而来？进入环境后发生什么变化？可能造成什么危害？而要回答好这些问题，环境分析检测技术必不可缺。环境分析检测技术...,刘思思 张波 李星颖 辛蕾 应光国 陈长二,《分析测试学报》,2024年08期,期刊,关键词：环境分析化学 / 环境检测 / 机器学习 / 新污染物,下载（410）,被引（0）
机器学习在信息系统管理中的应用分析  CNKI文献,信息系统是一个由计算机硬件、软件、数据和用户组成的系统，用于支持组织的各种业务和决策。随着多组织信息化的不断推进，信息系统在组织中扮演着越来越重要的角色。然而，信息系统管理仍然面临许多挑战，如基础设施的优化、数据的管理和分析、信息安全和用户支持等问题[1-3]。为了解决这些问题，研究者开始关注机器学习在信息系统管理中的应用。机器学习是一种基于数据驱动的算法，通过学习@...,李一 李爽,《科学咨询(科技·管理)》,2024年08期,期刊,关键词：机器学习 / 信息系统 / 管理应用,下载（23）,被引（0）
机器学习模型在软件工程中的研究与应用  CNKI文献,0 引言 随着大数据与人工智能的不断发展及大数据时代的到来，机器学习技术在软件工程中的研究日益广泛，涉及医疗信息、图像和语音识别及金融风控等多个领域。机器学习模型可以通过对数据集中的大量数据学习和分析，挖掘出数据中存在的规律，进而搭建预测分析模型，提高软件开发的效率和质量，推动软件工程的智能化发展。 1 机器学习概述 机器学习是人工...,王一丁 曾珺 马培兴,《信息与电脑(理论版)》,2024年15期,期刊,关键词：机器学习 / 数据分析 / 软件工程,下载（39）,被引（0）
机器学习伦理风险及其防控治理  CNKI文献,"目前，人类已迈入人工智能(Artifical Intelligence, 简称AI)时代，正向着智能化社会持续推进。牛津大学信息哲学教授卢西亚诺·弗洛里迪(Luciano Floridi)认为，人工智能是继哥白尼革命、达尔文革命、神经科学革命之后人类自我认知的“第四次革命”①。作为人工智能的前沿成果，ChatGPT自发布之日起五日内用户就超过了100万，截至2023年12月，ChatGPT 拥有约...",夏明月 陈冬阳,《山东社会科学》,2024年08期,期刊,关键词：机器学习 / 伦理风险 / 人工智能 / 治理,下载（207）,被引（0）
机器学习支持下的入侵检测技术探究  CNKI文献,0 引言 当前互联网已经成为人们日常生活中的重要组成部分，然而，网络入侵威胁日益严重，对个人隐私泄露与社会公共安全均造成了严重影响，因此需要及时对网络入侵采取有效的检测技术，从而确保网络安全。目前计算机网络系统防御入侵的主要手段是软硬件相结合的入侵检测系统，入侵检测系统能够通过对入侵行为、网络日志以及其他网络上获取的信息进行有效分析与识别，一旦检测到对网络的入侵意图，立即采取适当的解决方法进行处...,肖学玲 肖远军,《信息记录材料》,2024年08期,期刊,关键词：机器学习 / 入侵检测技术 / 网络安全,下载（41）,被引（0）
人工智能“机器学习”教学逆向设计的实践与思考  CNKI文献,随着科技的飞速发展，人工智能正深刻影响着我们生活的各个领域，人工智能教育的重要意义不言而喻。机器学习作为人工智能的核心分支，其教学对学生理解AI的概念和技能至关重要，如何在中学阶段采用合适的教学方式引导学生学习和理解人工智能，是目前信息技术教师积极探索和研究的方向。在传统教学设计中学生往往处于被动的学习状态，而逆向教学设计以终为始，从学习结果出发，确...,吴烜,《中国信息技术教育》,2024年15期,期刊,关键词：逆向设计 / 人工智能 / 机器学习,下载（47）,被引（0）
指向计算思维培养的人工智能教学实践研究——以初中《探秘机器学习》一课为例  CNKI文献,人工智能技术发展至今，已在图形识别、语音识别、生物识别、生成式人工智能(AIGC)等众多领域得到广泛应用，并展现出机器学习的突破性成就。我国近年来高度重视人工智能赋能教育的战略部署。自2017年国务院发布《新一代人工智能发展规划》以来，已逐步将人工智能教育纳入基础教育课程体系。《义务教育信息科技课程标准(2022年)》设立了人工智能的独立模块，全面覆盖应用实践、计算原理、伦理安全等内容...,原嫄,《中国现代教育装备》,2024年14期,期刊,关键词：人工智能 / 机器学习 / 图形化编程 / 计算思维,下载（195）,被引（0）
机器学习在智慧农业中的应用  CNKI文献,0 引言 目前我国尤其是西北地区农业呈现出作物多样性和对水资源的依赖性[1]。由于水资源相对匮乏，加之气候变化带来的不确定性，农业生产面临诸多挑战[2-3]。土地资源的利用压力也随着人口增长和经济发展而增大，这进一步要求农业实现可持续发展[4-5]。智慧农业的引入，尤其是机器学习技术的应用，为农业生产力和效率的提升提供了新的可能性。精准农业的实践，可以优化水资源和肥料的使用，同时预测...,杨嘉鹏 董荣,《农业工程》,2024年07期,期刊,关键词：机器学习 / 智慧农业 / 农业应用 / 农业信息化,下载（248）,被引（0）
类型化视角下机器学习的合理使用制度研究  CNKI文献,一、问题的提出 人工智能技术的飞跃式发展拉开了新一轮技术革命的序幕，与公有领域的信息不同，版权作品具有内容丰富、信息优质的特点，利用版权作品进行数据训练、优化算法是人工智能机器学习中必不可少的环节。目前，人工智能行业的发展正经历互联网发展早期“非法兴起”的阶段。1 1 在此背景下，有关机器学习的版权纠纷不断涌现。2024年2月28日，广州互联网法院就“全球AIGC平台...,江璐迪,《电子知识产权》,2024年07期,期刊,关键词：人工智能 / 机器学习 / 合理使用 / 技术创新,下载（112）,被引（0）
基于CDIO理念的研究生“机器学习”课程教学改革探索  CNKI文献,机器学习（Machine Learning）作为人工智能领域的一个重要分支，在过去几十年中取得了显著的发展。随着大数据、深度学习和自动化技术的兴起，机器学习已在各行各业产生了深远影响，越来越多行业开始认识到机器学习在社会工作中的巨大潜力。作为未来科技创新的关键驱动力之一，研究生专业知识和技能的培养已成为高等教育的当务之急[1]。 [1] 然而，传...,刘健 王雪松 袁小平,《科教导刊》,2024年19期,期刊,关键词：CDIO理念 / 机器学习课程 / 研究生 / 教学改革,下载（52）,被引（0）
数据科学与大数据技术专业机器学习课程的教学改革探索  CNKI文献,"一、引言 在当今信息爆炸的时代，大数据产业已成为推动社会进步和经济发展的战略性产业。[1]我国高度重视大数据产业发展，工业和信息化部发布《“十四五”大数据产业发展规划》,推动实施国家大数据战略。[2]各行各业对大数据处理与应用的需求正在迅速增长，相应地，对相关专业人才的需求也在日益增加。2016年2月，教育部新增数据科学与大数据技术本科专业，北京大学、对外经济贸易大学、中南大学成为首批开设院校。...",甘炎灵 徐鲁辉 夏海英,《教育观察》,2024年19期,期刊,关键词：机器学习 / 数据科学与大数据技术 / 教学改革,下载（118）,被引（0）
基于机器学习预测土壤-作物系统中镉和砷生物有效性研究  CNKI文献,中南林业科技大学 生命与环境科学学院 硕士 2024 基于机器学习预测土壤-作物系统中镉和砷生物有效性研究 Prediction of the Bioavailability of Cadmium and Arsenic in Soil-Crop Systems Based on Machine Learning Methods 陈强 黄顺红 环境工程（专业学位） 土...,陈强 导师:黄顺红,中国优秀硕士学位论文全文数据库, 2024-05-01 ,中国优秀硕士学位论文全文数据库,关键词：生物有效性 / 镉 / 砷 / 小麦,下载（62）,被引（0）
基于机器学习的土壤As（Ⅴ）吸附与污染风险预测研究  CNKI文献,"中南林业科技大学 环境科学与工程学院 硕士 2024 基于机器学习的土壤As（Ⅴ）吸附与污染风险预测研究 Research on Soil as(Ⅴ) Adsorption and Pollution Risk Prediction Based on Machine Learning 周洲 冯冲凌；张轩 环境工程（专业学位） 湿地与矿山生态修复 砷(Arsenic,...",周洲 导师:冯冲凌;张轩,中国优秀硕士学位论文全文数据库, 2024-05-01 ,中国优秀硕士学位论文全文数据库,关键词：砷吸附 / 机器学习算法 / 土壤理化性质 / 风险评估,下载（60）,被引（0）
机器学习辅助氮掺杂生物质炭吸附去除水体中的重金属铅污染  CNKI文献,中南林业科技大学 生命与环境科学学院 硕士 2024 机器学习辅助氮掺杂生物质炭吸附去除水体中的重金属铅污染 Machine Learning-assisted Nitrogen-doped Biochar Adsorption to Remove Heavy Metal Lead Pollution in Water 李子石 苏荣葵 环境工程（专业学位） 水染控制工...,李子石 导师:苏荣葵,中国优秀硕士学位论文全文数据库, 2024-05-01 ,中国优秀硕士学位论文全文数据库,关键词：生物质炭 / 重金属 / 机器学习 / 吸附效率,下载（91）,被引（0）
基于机器学习的电商精准营销研究  CNKI文献,第一章 绪论 1 第一章 绪论 1.1 研究背景及意义 1.1.1 研究背景 随着互联网的普及，大数据时代下我国电子商务得到了快速的发展。在当 今社会，电子商务是企业与消费者之间的一种重要的交易方式。在中国，传统 的营销观念、方法和手段都无法与大规模的快速扩张和数量的快速增长相匹配， 因此，电子商务的营销方式正在逐步改变，从过去的粗放式发展到精确的集约 型，从而产生了精准营销。“...,叶甜甜 导师:苏海涛,中国优秀硕士学位论文全文数据库, 2024-06-05 ,中国优秀硕士学位论文全文数据库,关键词：电子商务 / 精准营销 / 机器学习 / 推荐算法,下载（174）,被引（0）
机器学习结合生物信息学的胃癌关键基因选择研究  CNKI文献,机器学习结合生物信息学的胃癌关键基因选择研究 5 中英文缩略词表 缩写词 英文全称 中文全称 RF Random forest 随机森林 SVM-RFE Recursive feature elimination by support vector machine 支持向量机递归特征消除 LASSO Least absolute shrinkage and s...,王泽朋 导师:李四海,中国优秀硕士学位论文全文数据库, 2024-03-01 ,中国优秀硕士学位论文全文数据库,关键词：胃癌 / 特征筛选 / 关键基因 / 分类模型,下载（42）,被引（0）
基于机器学习的可转债多因子量化策略设计  CNKI文献,中南财经政法大学 硕士 2023 基于机器学习的可转债多因子量化策略设计 Design of Multi-factor Quantitative Strategy for Convertible Bonds Based on Machine Learning 邓小洪 凌士勤；杨光星 金融（专业学位） 量化投资 作为我国资本市场重要组成部分和中小企业重要融资手段的可转债...,邓小洪 导师:凌士勤;杨光星,中国优秀硕士学位论文全文数据库, 2023-06-01 ,中国优秀硕士学位论文全文数据库,关键词：可转债 / 多因子 / 量化投资 / 机器学习,下载（14）,被引（0）
基于盈余公告事件的机器学习选股策略研究  CNKI文献,"中南财经政法大学 硕士 2023 基于盈余公告事件的机器学习选股策略研究 Research on Machine Learning Stock Selection Strategy Based on Earnings Announcement Events 王涛 凌士勤 金融工程 量化投资 随着我国资本市场的成熟和发展,量化交易与人工智能在A股上扮演着中越来越重要的角...",王涛 导师:凌士勤,中国优秀硕士学位论文全文数据库, 2023-06-01 ,中国优秀硕士学位论文全文数据库,关键词：盈余公告 / 多因子模型 / XGBoost模型,下载（5）,被引（0）
利用股票基本面因子改进的动量策略  CNKI文献,"中南财经政法大学 硕士 2023 利用股票基本面因子改进的动量策略 Improved Momentum Strategy Using Stock Fundamental Factors 基于机器学习方法 Based on Machine Learning 尹涵 凌士勤 金融工程 量化投资 随着我国资本市场的不断发展,机器学习与量化投资也逐步走入了人们的...",尹涵 导师:凌士勤,中国优秀硕士学位论文全文数据库, 2023-06-01 ,中国优秀硕士学位论文全文数据库,关键词：动量 / 机器学习 / 量化投资,下载（5）,被引（0）
基于机器学习的高血压肾病预测模型研究  CNKI文献,"重庆医科大学 硕士 2023 R544.1 基于机器学习的高血压肾病预测模型研究 Machine Learning-based Prediction Model for Hypertensive Nephropathy 王萧 王惠来 重庆医科大学附属大学城医院 医学信息学 目的:高血压肾病是由原发性高血压引起的肾脏结构和功能损害。如果发现不及时,干预滞后,很可能发展...",王萧 导师:王惠来,中国优秀硕士学位论文全文数据库, 2023-05-01 ,中国优秀硕士学位论文全文数据库,关键词：原发性高血压 / 高血压肾病 / 机器学习 / 预测模型,下载（15）,被引（0）
基于可解释机器学习的公司债券违约预测研究  CNKI文献,"东南大学 硕士 2023 F832.5 基于可解释机器学习的公司债券违约预测研究 Corporate Bond Default Prediction Based on Explainable Machine Learning 唐欣 唐攀 金融学 金融工程 尹威 近年来,习近平总书记多次强调金融业向实体经济输血的重要性;2021年表决通过的“十四五”规划中也明确提出...",唐欣 导师:唐攀,中国优秀硕士学位论文全文数据库, 2023-05-25 ,中国优秀硕士学位论文全文数据库,关键词：公司债违约 / 违约影响因素 / 机器学习模型 / 可解释机器学习模型,下载（33）,被引（0）
基于机器学习的光催化去除NO性能预测及模型可解释性研究  CNKI文献,"第一章 绪论 1 第一章 绪论 1.1 研究背景及意义 良好的大气环境是确保人类健康和社会发展的先决条件。然而，当今全球许多 地区依然存在高于世界卫生组织（WHO）空气质量指导值的细颗粒物（PM2.5）浓 度以及不断增加的臭氧（O3）污染[1, 2]。这种污染状况会导致呼吸系统健康产生不 良影响，并对许多地区的农作物生长造成破坏[3]。作为形成 PM2.5 和 O3 的关键前驱 ...",李静 导师:孙艳娟,中国优秀硕士学位论文全文数据库, 2024-03-31 ,中国优秀硕士学位论文全文数据库,关键词：机器学习 / 石墨相氮化碳 / 铋系材料 / 光催化,下载（37）,被引（0）
基于机器学习模型组合的汇率预测研究  CNKI文献,第一章 绪论 1 第一章 绪论 1.1 选题背景与选题意义 1.1.1 选题背景 作为国际金融和经济联系的桥梁，在制定金融政策和指导投资决策方面，汇 率已经渗透到各个经济领域，扮演着日益重要的角色。随着越来越多的国家开始 采用浮动汇率制作为本国货币的定价体系，各国的汇率变化将极大地影响各国政 府、金融机构、进出口企业以及投资者的决策，越来越多的决策者和学者将主要 精力放在了汇率预...,李佳颖 导师:杨政,中国优秀硕士学位论文全文数据库, 2024-04-23 ,中国优秀硕士学位论文全文数据库,关键词：汇率预测 / 机器学习 / 组合模型 / 因子贡献,下载（54）,被引（0）
基于机器学习的304不锈钢组织性能预报  CNKI文献,"太原科技大学 机械工程学院 硕士 2024 TG335 基于机器学习的304不锈钢组织性能预报 Prediction of Microstructure and Properties of 304 Stainless Steel Based on Machine Learning 樊鹏飞 姬亚锋 机械（专业学位） 南伟杰 随着工业化和城市化进程的加速,以及人们对于...",樊鹏飞 导师:姬亚锋,中国优秀硕士学位论文全文数据库, 2024-05-01 ,中国优秀硕士学位论文全文数据库,关键词：不锈钢 / 机器学习 / 组织性能预测 / 晶体塑形有限元,下载（77）,被引（0）
基于机器学习的增材制造用高温合金设计：研究现状与未来趋势  CNKI文献,"引 言 增材制造(Additive Manufacturing, AM)是一种基于三维数字模型数据，通过逐层添加材料的方式来构建三维实体的制造技术。增材制造技术彻底改变了金属构件的制造方式，通过增材制造设备能够实现高度复杂几何形状零件的一体化制备[1-3];同时，通过局部工艺变化，可以实现微观结构与性能的局部变化，这种制造方式可以实现复杂结构的高精度制造，从而提高产品的性能和品质。尽管经过工业界...",穆亚航 梁静静 李金国 周亦胄 孙晓峰,《智能安全》,2024年02期,期刊,关键词：机器学习 / 合金设计 / 高温合金 / 增材制造,下载（220）,被引（0）
机器学习方法在热工学课程教学中的应用  CNKI文献,人工智能(Artificial Intelligence，简称AI)是一门研究如何使计算机系统具备智能行为的学科。它旨在使计算机模拟和执行人类智力任务，如学习、推理、问题解决、感知和语言理解。AI的发展依赖于大数据、机器学习、深度学习和先进的算法。其中机器学习是人工智能和计算机科学的重要分支，可以通过统计学方法对算法进行训练，使其对具体问题进行分类或...,韩超灵 王志荣,《科学咨询(教育科研)》,2024年06期,期刊,关键词：热工学 / 机器学习方法 / 课程教学 / 改革,下载（31）,被引（0）
利用机器学习的GNSS欺骗检测综述  CNKI文献,"随着全球卫星导航系统（global navigation satellite system,GNSS）的不断发展，其应用领域也不断扩展，在无人驾驶[1-2]、无人作战[3-4]、精密制导[5-6]等需要精确定位授时信息的民用及军事领域发挥着主导作用。然而，导航卫星距离地面两万至三万千米，导航信号到达终端接收机时十分微弱。并且，民用信号系统不加密且信号频点和格式对外公开。这些因素导致卫星导航信号极易...",周雅兰 宋晓鸥,《计算机工程与应用》,2024年17期,期刊,关键词：机器学习 / 神经网络 / 全球卫星导航系统(GNSS) / 欺骗检测,下载（477）,被引（0）
基于机器学习算法的大学体育教学改革策略研究  CNKI文献,"基于机器学习算法的大学体育教学改革策略研究@袁军$昌吉学院体育与健康学院 @张毅超$昌吉学院体育与健康学院 @马拾前$昌吉学院体育与健康学院 @南浩浩$昌吉学院体育与健康学院2024年1月,习近平总书记在中共中央政治局第十一次集体学习时强调,""高质量发展需要新的生产力理论来指导""""新质生产力是创新起主导作用,摆脱传统经济增长方式、生产力发展路径,具有高科技、高效...",袁军 张毅超 马拾前 南浩浩,第二届陕西省体育科学大会论文摘要集（墙报）, 2024-06-17 13:07 ,第二届陕西省体育科学大会论文摘要集（墙报）,关键词：机器学习算法 / 大学体育教学 / 教学改革 / 个性化教学,下载（161）,被引（0）
基于小样本量李赛美特色门诊资料的多模型优化机器学习《伤寒论》研究  CNKI文献,广州中医药大学 硕士 2023 R222.2 基于小样本量李赛美特色门诊资料的多模型优化机器学习《伤寒论》研究 Research on Shanghan Lun Based on Multi-model Optimized Machine Learning Using Li Saimei's Characteristic Outpatient Data with Small ...,隋画橙 导师:李赛美,中国优秀硕士学位论文全文数据库, 2023-06-01 ,中国优秀硕士学位论文全文数据库,关键词：机器学习 / 名医传承 / 模拟诊断系统 / 《伤寒论》,下载（46）,被引（0）
机器学习在土木工程《工程监理》教学中的应用改革初探  CNKI文献,新一轮的科技创新与产业革命需要工程教育来提供人才支持。目前，我国工程师的合格程度处于世界末端，新型工科人才的不足催生了对新型工程教育的探索[1]。 [1] 工程监理是研究工程建设过程中质量、进度和安全等方面的管理和监督的一门科学，在建筑工程、交通工程、水利工程等领域具有广泛的应用[2-4]。随着社会经济的快速发展和信息技术的不断更新换代，传统的课堂授课方式已经无法满足学生对《工程监理》知识深入...,唐然 冯鹏 董建辉 邵俊虎 杨华平,《砖瓦》,2024年06期,期刊,关键词：机器学习 / 工程监理 / 教学改革 / 人工智能,下载（121）,被引（0）
机器学习在电力计量能源管理与效能优化中的应用  CNKI文献,0 引言 本文探讨机器学习在电力计量能源管理与效能优化中的应用与算法。机器学习以其独特的优势在能源管理领域发挥重要作用。 1 研究背景 机器学习基本原理。机器学习是一种人工智能的方法论，它基于对数据的学习和自动优化，使计算机系统能够逐渐改进其性能，从而完成任务或达到目标。机器学习技术通过在大量数据中寻找模式，利用统计学原...,姚斌,《集成电路应用》,2024年06期,期刊,关键词：机器学习 / 电力计量 / 能源管理 / 效能优化,下载（15）,被引（0）
基于机器学习的地震灾害风险等级评估研究  CNKI文献,"防灾科技学院 硕士 2024 P315 基于机器学习的地震灾害风险等级评估研究 Research on Earthquake Disaster Risk Assessment Based on Machine Learning 宋其淇 朱红；周新 资源与环境（专业学位） 地震动力学与地球探测技术 地震,这一具有极大破坏力的自然灾难,对人类生命与财产构成了严峻挑战。中...",宋其淇 导师:朱红;周新,中国优秀硕士学位论文全文数据库, 2024-06-01 ,中国优秀硕士学位论文全文数据库,关键词：地震灾害 / 风险等级评估 / 机器学习 / 堆叠模型,下载（188）,被引（0）
基于机器学习的Fe-C-Mn-Al钢显微组织识别研究  CNKI文献,"成都大学 硕士 2024 基于机器学习的Fe-C-Mn-Al钢显微组织识别研究 Study on Microstructure Identification of Fe-C-Mn-Al Steel Based on Machine Learning 司天宇 何忠平；蒲宗山 材料与化工 在汽车制造业中,轻量化已成为全球汽车产业发展的趋势之一,因为它能显著降低能耗和减少污染...",司天宇 导师:何忠平;蒲宗山,中国优秀硕士学位论文全文数据库, 2024-05-01 ,中国优秀硕士学位论文全文数据库,关键词：轻质钢 / 机器学习 / 显微组织图像 / 特征提取,下载（81）,被引（0）
机器学习场景下的数据安全与隐私保护技术研究  CNKI文献,第一章 绪论 第一章 绪 论 1.1 研究工作的背景与意义 从 Alpha Go[1]的突破到 Chat GPT[2–5]的发展，人工智能作为新一轮科技革命和 产业变革的先锋，正在从根本上改变人们处理和分析数据的方式。全球各大国家 纷纷将占据人工智能制高点视为夺取科技优势的核心策略，推动了人工智能向着 技术快速创新和应用广泛的新时代迈进。在这一背景下，众多创新产品如自动驾 驶、智能安...,刘小源 导师:李洪伟,中国博士学位论文全文数据库, 2024-03-25 ,中国博士学位论文全文数据库,关键词：机器学习 / 分布式框架 / 特征提取 / 隐私保护技术,下载（123）,被引（0）
基于机器学习的视频点播平台客户细分与保留策略研究  CNKI文献,哈尔滨商业大学 硕士 2024 基于机器学习的视频点播平台客户细分与保留策略研究 Research on Customer Segmentation and Retention Strategy of VOD Platform Based on Machine Learning 赵全盛 赵志杰 哈尔滨商业大学 电子商务 先进的无线技术和智能移动设备使用户几乎可以从任何...,赵全盛 导师:赵志杰,中国优秀硕士学位论文全文数据库, 2024-05-27 ,中国优秀硕士学位论文全文数据库,关键词：视频点播平台 / RFM模型 / 客户保留 / 机器学习,下载（57）,被引（0）
基于机器学习的S企业战略资产管理研究  CNKI文献,"重庆理工大学 会计学院 硕士 2024 基于机器学习的S企业战略资产管理研究 Research on Strategic Asset Management of S Enterprise Based on Machine Learning 刘泓 程平 会计硕士（专业学位） 大数据及人工智能财务 随着新一代信息智能技术如大数据和人工智能的迅猛发展,战略资产管理正迎来新...",刘泓 导师:程平,中国优秀硕士学位论文全文数据库, 2024-03-20 ,中国优秀硕士学位论文全文数据库,关键词：战略资产管理 / 机器学习 / 水务企业,下载（84）,被引（0）
基于机器学习的供水目标成本智能管理研究  CNKI文献,重庆理工大学 会计学院 硕士 2024 基于机器学习的供水目标成本智能管理研究 A Study on Intelligent Management of Water Supply Target Cost Based on Machine Learning 以Z水务企业为例 Taking Z Water Utility Company as an Example 朱思懿 ...,朱思懿 导师:程平;王会然,中国优秀硕士学位论文全文数据库, 2024-03-16 ,中国优秀硕士学位论文全文数据库,关键词：目标成本管理 / BP神经网络 / 数据仓库,下载（73）,被引（0）
基于机器学习的多级评分认知诊断个人拟合方法研究  CNKI文献,贵州师范大学 硕士 2024 基于机器学习的多级评分认知诊断个人拟合方法研究 Person-fit for Cognitive Diagnostic Tests with Polytomous Items Based on Machine Learning 李宁 高旭亮 应用心理（专业学位） 心理统计与测量 认知诊断评估(Cognitive Diagnostic As...,李宁 导师:高旭亮,中国优秀硕士学位论文全文数据库, 2024-05-29 ,中国优秀硕士学位论文全文数据库,关键词：机器学习 / 认知诊断 / 个人拟合统计量 / 异常反应模式,下载（44）,被引（0）
机器学习驱动的镁、铝合金熔体结构与动力学模拟研究及其对凝固行为的影响  CNKI文献,吉林大学 材料科学与工程学院 博士 2024 TG146.2 机器学习驱动的镁、铝合金熔体结构与动力学模拟研究及其对凝固行为的影响 Machine Learning-driven Simulation Study of Structure and Dynamics in Magnesium and Aluminum Alloy Melts and Their Effects...,尤江 导师:王珵,中国博士学位论文全文数据库, 2024-06-01 ,中国博士学位论文全文数据库,关键词：轻合金 / 金属熔体 / 短程有序结构 / 动力学,下载（229）,被引（0）
真实世界中肝酶与2型糖尿病、糖尿病肾病的相关性分析及基于机器学习的2型糖尿病预测模型研究  CNKI文献,吉林大学 吉林大学白求恩第一临床医学院 博士 2024 R587.1 真实世界中肝酶与2型糖尿病、糖尿病肾病的相关性分析及基于机器学习的2型糖尿病预测模型研究 A Real-world Study on the Association of Liver Enzymes with Type 2 Diabetes and Diabetic Kidney Disease and ...,毕亚茹 导师:孙成林,中国博士学位论文全文数据库, 2024-05-01 ,中国博士学位论文全文数据库,关键词：肝酶 / 2型糖尿病 / 糖尿病肾病 / 机器学习,下载（380）,被引（0）
基于机器学习的Pt-Sn和Pt-Si-Sn体系的理论研究  CNKI文献,"烟台大学 硕士 2024 O469 基于机器学习的Pt-Sn和Pt-Si-Sn体系的理论研究 Theoretical Research on Pt-Sn and Pt-Si-Sn Systems Based on Machine Learning 史国勇 张超 物理学 近年来,由于Pt基合金在微电子工业和催化领域的广泛应用,人们对其进行了广泛而深入的研究。本论文基于~...",史国勇 导师:张超,中国优秀硕士学位论文全文数据库, 2024-06-11 ,中国优秀硕士学位论文全文数据库,关键词：Pt-Sn体系 / Pt-Si-Sn体系 / 第一性原理计算 / 机器学习原子间势函数,下载（64）,被引（0）
TiO_2光催化降解污染物的机器学习预测  CNKI文献,"重庆理工大学 理学院 硕士 2024 TiO_2光催化降解污染物的机器学习预测 Machine Learning Prediction of TiO_2 Photocatalytic Degradation of Pollutants 唐容 刘雪芹；魏大鹏 电子信息（专业学位） 光催化的机器学习预测 能源短缺和水资源污染成为全球关注的问题,光催化降解技术...",唐容 导师:刘雪芹;魏大鹏,中国优秀硕士学位论文全文数据库, 2024-03-23 ,中国优秀硕士学位论文全文数据库,关键词：降解污染物 / TiO_2光催化 / 机器学习 / XGBoost,下载（120）,被引（0）
机器学习估算光催化降解有机污染物反应速率常数的研究  CNKI文献,山东师范大学 硕士 2024 TQ579 机器学习估算光催化降解有机污染物反应速率常数的研究 Study about Machine Learning for Estimating the Reaction Rate Constant of Photocatalytic Degradation of Organic Pollutants 杨文杰 唐波 化学工程与技术 ...,杨文杰 导师:唐波,中国优秀硕士学位论文全文数据库, 2024-06-01 ,中国优秀硕士学位论文全文数据库,关键词：机器学习 / 光催化 / 有机污染物 / 反应速率常数,下载（154）,被引（0）
大数据下基于机器学习的企业预算管理研究  CNKI文献,重庆理工大学 会计学院 硕士 2024 大数据下基于机器学习的企业预算管理研究 Research on Budget Management of Enterprises Based on Machine Learning under Big Data 以ABC公司为例 Take ABC Company as an Example 谭果君 程平；兰福生 会计（专业学位...,谭果君 导师:程平;兰福生,中国优秀硕士学位论文全文数据库, 2024-03-22 ,中国优秀硕士学位论文全文数据库,关键词：预算管理 / 大数据 / 机器学习,下载（165）,被引（0）
基于机器学习的X企业智能成本控制研究  CNKI文献,"重庆理工大学 会计学院 硕士 2024 基于机器学习的X企业智能成本控制研究 Research on Intelligent Cost Control of X Enterprise Based on Machine Learning 邓佳红 程平；戴晓红 会计硕士（专业学位） AICFO 随着大数据、人工智能等新兴技术的快速发展,企业成本控制智能化趋势已势不可挡,...",邓佳红 导师:程平;戴晓红,中国优秀硕士学位论文全文数据库, 2024-03-22 ,中国优秀硕士学位论文全文数据库,关键词：污水处理企业 / 机器学习 / 智能成本控制 / 药耗成本,下载（78）,被引（0）
基于机器学习的金属间化合物构效关系挖掘  CNKI文献,"河南科技大学 硕士 2023 基于机器学习的金属间化合物构效关系挖掘 Exploring Structure-property Relationships of Intermetallic Compounds Based on Machine Learning 朱德鑫 潘昆明；任永鹏 材料学 金属间化合物代表了一类有潜力的金属基结构材料,其有序晶体结构、金属键与共价键共...",朱德鑫 导师:潘昆明;任永鹏,中国优秀硕士学位论文全文数据库, 2023-06-01 ,中国优秀硕士学位论文全文数据库,关键词：机器学习 / 金属间化合物 / 韧脆转变温度 / 体积模量,下载（10）,被引（0）
基于CFD及机器学习的高层建筑气动荷载时程预测研究  CNKI文献,"广州大学 硕士 2024 基于CFD及机器学习的高层建筑气动荷载时程预测研究 Numerical Prediction on Time Series of Aerodynamic Loading of Tall Building by CFD and Machine Learning Algorithm 王坤 吴玖荣 土木工程（专业学位） 结构抗风 近年来,随着我国经...",王坤 导师:吴玖荣,中国优秀硕士学位论文全文数据库, 2024-05-01 ,中国优秀硕士学位论文全文数据库,关键词：高层建筑 / CFD数值仿真 / 机器学习算法 / 优化算法,下载（96）,被引（0）
基于机器学习的关中地区主要污染物浓度短期预测研究  CNKI文献,中国科学院大学(中国科学院地球环境研究所) 中国科学院地球环境研究所 硕士 2023 基于机器学习的关中地区主要污染物浓度短期预测研究 Short-term Prediction of Main Pollutant Concentration in Guanzhong Based on Machine Learning 刘南健 周卫健 中国科学院地球环境研究所 第四纪...,刘南健 导师:周卫健,中国优秀硕士学位论文全文数据库, 2023-06-01 ,中国优秀硕士学位论文全文数据库,关键词：PM_(2.5)浓度短期预测 / 机器学习 / 时空预测 / 相关性分析,下载（27）,被引（0）
基于机器学习方法对细颗粒物污染成因的研究  CNKI文献,南开大学 环境科学与工程学院 硕士 2022 基于机器学习方法对细颗粒物污染成因的研究 Research on the Causes of Fine Particulate Pollution Based on Machine Learning Methods 张忠诚 史国良 环境工程（专业学位） 大气污染防治 李岳；张霖琳 毕晓辉 环境中高浓度的PM_(2.5...,张忠诚 导师:史国良,中国优秀硕士学位论文全文数据库, 2022-05-01 ,中国优秀硕士学位论文全文数据库,关键词：机器学习 / PM_(2.5) / 二次无机颗粒物 / PMF,下载（95）,被引（0）
基于脑电特征的机器学习方法判读早产儿脑成熟度的准确性分析  CNKI文献,吉林大学 吉林大学白求恩第一临床医学院 硕士 2024 R722.6 基于脑电特征的机器学习方法判读早产儿脑成熟度的准确性分析 Accuracy Analysis of Machine Learning Method Based on EEG Features in Interpreting Brain Maturity of Premature Infants 丁帅文 ...,丁帅文 导师:武辉,中国优秀硕士学位论文全文数据库, 2024-05-01 ,中国优秀硕士学位论文全文数据库,关键词：脑电图 / 早产儿 / 机器学习 / 脑成熟度,下载（41）,被引（0）
典型有机化学品的人体致癌毒性和内分泌干扰毒性的机器学习分类与回归模型预测  CNKI文献,吉林大学 新能源与环境学院 硕士 2024 X32 典型有机化学品的人体致癌毒性和内分泌干扰毒性的机器学习分类与回归模型预测 Machine Learning Classification and Regression Model Prediction of Human Carcinogenic and Endocrine Disruptive Toxicity of Ty...,郝宁 导师:赵文晋,中国优秀硕士学位论文全文数据库, 2024-05-01 ,中国优秀硕士学位论文全文数据库,关键词：机器学习 / 有机化学品 / 致癌性 / 内分泌干扰性,下载（73）,被引（0）
基于机器学习的红外大气传输预测与气溶胶特征识别方法研究  CNKI文献,西安电子科技大学 硕士 2023 O45 基于机器学习的红外大气传输预测与气溶胶特征识别方法研究 Research on Infrared Atmospheric Transport Prediction and Aerosol Feature Recognition Based on Machine Learning 张钰 李海英 无线电物理 红外大气辐射传输特性在...,张钰 导师:李海英,中国优秀硕士学位论文全文数据库, 2023-04-01 ,中国优秀硕士学位论文全文数据库,关键词：大气透过率 / 气溶胶识别 / 机器学习 / 卷积神经网络,下载（29）,被引（0）
机器学习辅助的温室气体分离材料筛选与设计  CNKI文献,北京化工大学 硕士 2024 TQ013 机器学习辅助的温室气体分离材料筛选与设计 Machine Learning Assisted Screening and Design of Greenhouse Gas Separation Materials 文一如 刘大欢 北京化工大学 化学工程与技术 计算化学 陈晓春 温室气体的持续排放将进一步加剧全球变暖的危机...,文一如 导师:刘大欢,中国优秀硕士学位论文全文数据库, 2024-05-30 ,中国优秀硕士学位论文全文数据库,关键词：金属有机骨架材料 / 机器学习 / 分子模拟 / 气体分离,下载（48）,被引（0）
机器学习辅助高通量计算筛选MOFs用于化学战剂的捕获  CNKI文献,广州大学 硕士 2024 机器学习辅助高通量计算筛选MOFs用于化学战剂的捕获 Machine Learning-assisted High-throughput Computational Screening of MOFs for Chemical Warfare Agent Capture 王雯菲 刘芝婷 化学工程（专业学位） 材料AI设计与计算 化学战剂(Ch...,王雯菲 导师:刘芝婷,中国优秀硕士学位论文全文数据库, 2024-05-01 ,中国优秀硕士学位论文全文数据库,关键词：金属-有机框架 / 化学战剂 / 分子模拟 / 机器学习,下载（32）,被引（0）
可解释机器学习在电网调控领域中的应用  CNKI文献,0 引言 随着以新能源为主体的新型电力系统建设，电力系统的电源构成、网架结构、负荷特性比以往发生了重大变化，具有更强的不确定性、复杂性和非线性[1]。电力系统中很多问题难以建立精确的数学模型或者难以单纯用数学模型描述[2]。因此，近年来，以机器学习、深度学习等数据驱动方法为代表的新一代人工智能技术在电网调控领域得到广泛应用，取得了显著的成果。 [1] [2] 目前，...,庞传军 王珅 余建明,《电力信息与通信技术》,2024年05期,期刊,关键词：人工智能 / 机器学习 / 电网调度运行 / 可解释机器学习,下载（305）,被引（0）
机器学习在心血管疾病中应用的研究进展  CNKI文献,随着人口老龄化进程加快，受居民不良生活方式的影响，心血管疾病发病率逐年增高。据统计，2020年，我国罹患心血管病人数约为3.3亿例，且农村地区心血管病死亡率高于城市[1]。临床对心血管疾病的诊断主要依赖医师对病人临床症状、既往病史及辅助检查的综合分析。医师的经验水平对诊疗效率带来一定的影响，且心血管疾病的诊断过程烦琐且价格昂贵[1]。机器学习因具有强大的分析与处理能力，在心血管疾病临床...,郑琰莉 苏文星 宋元涛,《中西医结合心脑血管病杂志》,2024年10期,期刊,关键词：心血管疾病 / 机器学习 / 临床应用 / 综述,下载（513）,被引（0）
面向研究生的机器学习类课程实践改革研究  CNKI文献,1人工智能课程的重要性 近年来，新一代信息技术如云计算、物联网技术、人机交互和移动互联网等相继涌现。大数据已深入人类生活的方方面面，因而产生了大量的数据信息，面对海量的数据信息，研究大数据最大的意义在于在对数据的分析和挖掘中，发现新的知识并创造新的价值，提升新能力，进而改善新的产品。数据的价值在于将信息转化为知识。如果不能深度加工数据，即使数据量再庞大，其所能呈现的价值依然是小的。因此，如何有效...,敬超 郑荣华,《科教导刊》,2024年15期,期刊,关键词：机器学习 / 人工智能 / 研究生 / 课程及专业建设,下载（105）,被引（0）
基于机器学习的汽车故障诊断技术研究  CNKI文献,引言 随着汽车技术的不断进步，车辆的结构和控制系统变得越来越复杂，故障诊断的难度也相应增大。传统的故障诊断方法往往依赖于经验和技术人员的直觉，效率低下且出错率高。因此，研究基于机器学习的汽车故障诊断技术具有十分重要的现实意义和应用价值。 1 机器学习技术与故障诊断技术 1.1 机器学习技术概述 机器学习作为人工智能的一个重要分支，其目标在于让...,蔡亮,《汽车知识》,2024年05期,期刊,关键词：机器学习 / 汽车故障诊断 / 数据驱动 / 智能化,下载（15）,被引（0）
基于机器学习的回归技术及理论研究  CNKI文献,"华东师范大学 博士 2024 O212.1 基于机器学习的回归技术及理论研究 Research on Regression Techniques and Theories Based on Machine Learning 邱锐 於州 统计学 统计机器学习 朱仲义 随着人工智能时代的来临,回归技术作为一种强大的统计工具,在解释变量之间关系的同时,在~#...",邱锐 导师:於州,中国博士学位论文全文数据库, 2024-03-01 ,中国博士学位论文全文数据库,关键词：神经网络 / 随机森林 / 充分降维 / 度量空间,下载（44）,被引（0）
基于数值模拟和机器学习的非接触式车辆称重方法  CNKI文献,"湖南大学 土木工程学院 硕士 2023 U44 基于数值模拟和机器学习的非接触式车辆称重方法 Non-contact Vehicle Weighing Method Based on Numerical Simulation and Machine Learning 余甜甜 孔烜 土木工程 车辆称重 黄远 随着我国交通运输业的迅速发展,运输车辆的数量和载重不断增...",余甜甜 导师:孔烜,中国优秀硕士学位论文全文数据库, 2023-05-08 ,中国优秀硕士学位论文全文数据库,关键词：车辆称重 / 轮胎荷载 / 轮胎参数 / 数值模拟,下载（21）,被引（0）
基于复合参数机器学习模型的路面抗滑性能研究  CNKI文献,"重庆交通大学 硕士 2024 U416.2 基于复合参数机器学习模型的路面抗滑性能研究 Study on Road Surface Anti Slip Performance Based on Composite Parameter Machine Learning Model 张政奇 何小兵；彭毅 交通运输工程 路面抗滑性能直接影响着道路交通安全,良好的路面抗滑性能...",张政奇 导师:何小兵;彭毅,中国优秀硕士学位论文全文数据库, 2024-06-01 ,中国优秀硕士学位论文全文数据库,关键词：路面抗滑 / 路面纹理 / 机器学习 / 图像降维,下载（40）,被引（0）
机器学习辅助的信道参数估计  CNKI文献,第一章 绪论 1 第一章 绪论 1.1 研究背景及意义 近几十年来，移动通信技术的迅速发展已经深刻改变了现代社会的生产、管理和人 们的生活方式[1]。无线信道作为无线通信系统信息传播的媒介，其特性对于设计无线通 信系统、分析通信质量和模拟网络性能等具有重要的意义[2]-[4]。可以说在无线通信系统 中，无线传输的性能直接取决于信道的传播特性，因此，有关无线信道的测量参数的估 计对...,朱勇 导师:王海明,中国优秀硕士学位论文全文数据库, 2023-05-19 ,中国优秀硕士学位论文全文数据库,关键词：信道参数估计 / 到达角估计 / 多径时延估计 / 机器学习,下载（6）,被引（0）
基于机器学习的上市公司财务状况质量评价研究  CNKI文献,"重庆理工大学 硕士 2024 基于机器学习的上市公司财务状况质量评价研究 Research on Quality Evaluation of Financial Status of Listed Companies Based on Machine Learning 邓湘煜 程平 会计学 会计信息化 随着大数据、人工智能等新一代信息技术的发展,各行各业都在积极探索如何...",邓湘煜 导师:程平,中国优秀硕士学位论文全文数据库, 2024-03-20 ,中国优秀硕士学位论文全文数据库,关键词：财务状况质量评价 / 企业画像 / 机器学习,下载（185）,被引（0）
基于机器学习的阵列天线高效综合技术研究  CNKI文献,第一章 绪论 1 第一章 绪论 1.1 研究背景与意义 天线是无线电系统的眼睛和耳朵，能有效地辐射和接收携带信息的波，因此被 广泛应用于通信、成像、导航、雷达和遥感等各个领域[1]。随着科技的进步，人们 对系统中天线的性能要求越来越高，例如需要产生特定形状的波束或者在某些方 向上增强辐射能量并在其他方向上抑制辐射能量等等。单一天线往往难以满足复 杂的应用需求，为此，需要将天线单元...,李秋梅 导师:陈益凯,中国优秀硕士学位论文全文数据库, 2024-04-01 ,中国优秀硕士学位论文全文数据库,关键词：非均匀阵列综合 / 机器学习 / 互耦效应 / 等效小阵列,下载（34）,被引（0）
《机器学习在生物科学应用中的最新进展与未来展望》（节选）的汉译及翻译实践报告  CNKI文献,贵州师范大学 硕士 2024 《机器学习在生物科学应用中的最新进展与未来展望》（节选）的汉译及翻译实践报告 The English-Chinese Translation of Machine Learning in Biological Sciences:Updates and Future Prospects (Excerpts) and a Report on the T...,杨培培 导师:刘瑾,中国优秀硕士学位论文全文数据库, 2024-05-20 ,中国优秀硕士学位论文全文数据库,关键词：机器学习 / 生态翻译 / 三维转换 / 翻译方法,下载（58）,被引（0）
基于机器学习的混凝土损伤声发射定位研究  CNKI文献,"重庆交通大学 硕士 2024 TU528 基于机器学习的混凝土损伤声发射定位研究 Research on Acoustic Emission Localization of Concrete Damage Based on Machine Learning 邓嘉欣 王子仪 材料与化工（专业学位） 声发射技术可对混凝土内部损伤进行实时监测与定位,并判断其破坏类型与损伤程...",邓嘉欣 导师:王子仪,中国优秀硕士学位论文全文数据库, 2024-06-01 ,中国优秀硕士学位论文全文数据库,关键词：混凝土结构无损检测 / 声发射 / 损伤定位 / 机器学习,下载（87）,被引（0）
双流化床生物炭特性分析和VOCs吸附机器学习模型预测  CNKI文献,北京化工大学 硕士 2024 X511 双流化床生物炭特性分析和VOCs吸附机器学习模型预测 Characterzation of Dual Fluidized Bed Biochar and Prediction of VOCs Adsorption Via Machine Learning Model 陈远祥 代建军 北京化工大学 化学工程与技术 固废处理及资源...,陈远祥 导师:代建军,中国优秀硕士学位论文全文数据库, 2024-05-30 ,中国优秀硕士学位论文全文数据库,关键词：双流化床 / 生物炭 / 挥发性有机物 / 机器学习,下载（39）,被引（0）
基于可解释机器学习的中国表层土壤有机碳时空异质性研究  CNKI文献,中国环境科学研究院 硕士 2024 基于可解释机器学习的中国表层土壤有机碳时空异质性研究 Spatiotemporal Heterogeneity of Surface Soil Organic Carbon in China Based on Interpretable Machine Learning 孙怡 马瑾 环境科学 土壤碳循环 土壤有机碳(Soil Org...,孙怡 导师:马瑾,中国优秀硕士学位论文全文数据库, 2024-06-03 ,中国优秀硕士学位论文全文数据库,关键词：机器学习 / 遥感反演 / 土壤有机碳 / 时空变化,下载（211）,被引（0）
基于机器学习的CHNO类含能材料爆速及感度预测研究  CNKI文献,南京理工大学 硕士 2023 基于机器学习的CHNO类含能材料爆速及感度预测研究 Study on Prediction of Detonation Velocity and Sensitivity of CHNO-Energetic Materials Based on Machine Learning 罗士保 谈玲华 材料与化工（专业学位） 含能材料性能预测研究 ...,罗士保 导师:谈玲华,中国优秀硕士学位论文全文数据库, 2023-03-01 ,中国优秀硕士学位论文全文数据库,关键词：爆速 / 撞击感度 / 静电火花感度 / 机器学习,下载（61）,被引（0）
基于波形特征的机器学习方法在岩石无损检测中的应用研究  CNKI文献,第一章 绪论 1 第一章 绪论 1.1 研究背景及意义 1.1.1 背景介绍 岩石是由多种矿物组成的坚硬混合物，其内部结构受到形成过程和地质作用的影响， 常存在裂缝、节理、空隙和不连续面等缺陷，这些缺陷对岩土工程的质量和安全有重要 影响。为了保障安全生产，需要采用安全、准确的无损检测技术。在不破坏岩土体本身 的情况下检测其内部缺陷，是岩土工程探伤技术的趋势。无损检测（Nondes...,田卓然 导师:李建春;车平,中国优秀硕士学位论文全文数据库, 2023-05-22 ,中国优秀硕士学位论文全文数据库,关键词：岩土工程 / 岩石缺陷 / 无损检测 / 机器学习,下载（44）,被引（0）
基于机器学习的水体重金属污染预测与健康风险评价  CNKI文献,中南林业科技大学 生命与环境科学学院 硕士 2024 基于机器学习的水体重金属污染预测与健康风险评价 Machine Learning-Based Prediction of Heavy Metal Pollution in Water Bodies and Health Risk Assessment 冯良杰 王平；宋雨夏 环境工程（专业学位） 环境规划与评价 在...,冯良杰 导师:王平;宋雨夏,中国优秀硕士学位论文全文数据库, 2024-05-01 ,中国优秀硕士学位论文全文数据库,关键词：重金属 / 预测模型 / 机器学习 / 健康风险,下载（128）,被引（0）
基于知识迁移贯通的机器学习课程教学改革  CNKI文献,0 引言 机器学习是一门交叉学科，其涉及的领域包含概率论、数理统计学、最优化等。作为人工智能技术的重要组成部分，机器学习技术在图像识别、语音识别、推荐系统、自动驾驶等各行业都发挥了巨大作用。当前社会对机器学习人才的需求量越来越大，而高校作为人工智能人才的培养基地，则肩负起了推动我国人工智能高质量发展的重任，因此，近年来越来越多的国内高校开始重视机器学习@...,李爽 韩锐 李轩涯,《计算机教育》,2024年05期,期刊,关键词：机器学习 / 知识迁移 / OBE理念 / 学科融合,下载（189）,被引（0）
机器学习在地球物理勘探中铀矿资源勘查的应用研究进展  CNKI文献,2006年，Hinton[1]等提出的深度置信网络开启了人工智能的机器学习时代。此后，人工智能技术在各行业不断取得突破，如在自动驾驶、语音助手、语音识别和翻译、智能推荐、智能搜索和手写识别及医学等领域均取得了巨大进展。随着人工智能技术的快速发展，尤其是机器学习方法的广泛应用，极大地促进了智能化物探领域的发展。目前，机器学习AI技术广泛应用于物探领域，为地球物理学...,韩世礼 肖健 柳位,《铀矿地质》,2024年03期,期刊,关键词：机器学习 / 放射性勘探 / 地球物理测井 / 成矿预测,下载（295）,被引（0）
网络异常检测中机器学习的应用  CNKI文献,0 引言 本研究的意义在于深入探讨机器学习在网络安全中的作用，以提供有效应对网络威胁的解决方案。异常检测、入侵检测和恶意软件检测等领域的研究，能够展现机器学习技术在提高网络安全性能和防御能力方面的潜力。这将为构建更智能、更自适应的网络安全系统提供重要参考，以帮助保护个人信息，维护网络环境的稳定与安全。 1 异常检测概述 1.1 异常检测概述 在网络安全领域，异常检测...,孙瑾,《信息与电脑(理论版)》,2024年09期,期刊,关键词：机器学习 / 网络安全 / 异常检测 / 防御,下载（19）,被引（0）
基于机器学习的养老床位需求预测模型构建与验证  CNKI文献,0 引言 面对不断增长的人口老龄化课题，准确预测养老床位需求变得越来越重要。随着人口结构的变化，社会中老年人的比例越来越大，提供足够的护理设施来满足他们的需要变得越来越重要。这方面的规划和资源分配不足可能导致重大的社会和经济后果。以往，养老床位需求预测依赖于静态模型和简化的假设，这些模型和假设往往无法解释影响需求因素的复杂性和动态性。这些模型缺乏适应不断变化的环境的灵活性，如人口模式、健康状况和...,江玉婷,《家电维修》,2024年05期,期刊,关键词：机器学习 / 养老床位 / 需求预测模型,下载（290）,被引（0）
基于机器学习和模型预测控制的双热回收型DOAS全局优化研究  CNKI文献,广州大学 博士 2023 基于机器学习和模型预测控制的双热回收型DOAS全局优化研究 Global Optimization of Dedicated Outdoor Air System with Double Heat Recovery Based on Machine Learning and Model Predictive Control 陈思豪 周孝清 供热、...,陈思豪 导师:周孝清,中国博士学位论文全文数据库, 2023-06-01 ,中国博士学位论文全文数据库,关键词：独立新风空调系统 / 模型预测控制 / 机器学习 / Modelica,下载（84）,被引（0）
基于机器学习的建筑震后损伤评估模型及地震动特征分析方法研究  CNKI文献,广州大学 博士 2023 基于机器学习的建筑震后损伤评估模型及地震动特征分析方法研究 A Machine Learning-based Study on Post-Earthquake Damage Assessment Model and Ground Motion Characterization Method for Buildings 张鹏 孙作玉 结构工程 A...,张鹏 导师:孙作玉,中国博士学位论文全文数据库, 2023-11-01 ,中国博士学位论文全文数据库,关键词：机器学习 / 地震损伤评估 / 神经网络 / 地震动特征分析,下载（157）,被引（0）
贵金属基合金表面结构及吸附特性的机器学习研究  CNKI文献,吉林大学 材料科学与工程学院 博士 2024 TB34 贵金属基合金表面结构及吸附特性的机器学习研究 Machine Learning Study on Surface Structures and Adsorption Characteristics of Precious Metal Based Alloys 杨泽 高旺 材料学 计算材料学 赵占奎 由于合金...,杨泽 导师:高旺,中国博士学位论文全文数据库, 2024-06-01 ,中国博士学位论文全文数据库,关键词：合金 / 表面稳定性 / 吸附特性 / 本征描述符,下载（323）,被引（0）
基于机器学习与过程模型的水环境容量估算与土壤修复研究  CNKI文献,第 1 章 绪 论 - 1 - 第 1 章 绪 论 1.1 研究背景 水环境和土壤环境是人类生存和发展的重要组成部分。然而，由于人类活动和 工业化的不断发展，水环境和土壤环境面临严重的污染问题。这些污染不仅对环境 造成了破坏，也对人类健康和社会经济发展产生了严重的影响。污染物在自然环境 中的迁移转化活动涉及复杂的物理、化学和生物反应过程，且这些过程存在紧密的...,王欣 导师:刘崇炫,中国博士学位论文全文数据库, 2023-06-01 ,中国博士学位论文全文数据库,关键词：机器学习 / 过程模型 / 优化算法 / 水环境容量,下载（88）,被引（0）
基于机器学习与第一性原理计算的功能二维材料光电特性研究  CNKI文献,齐鲁工业大学 硕士 2024 O47 基于机器学习与第一性原理计算的功能二维材料光电特性研究 Optoelectronic Properties of Functional Two-dimensional Materials : Machine Learning Combined with First-principles Study 姜腾飞 冷建材 材料科学与工程 ...,姜腾飞 导师:冷建材,中国优秀硕士学位论文全文数据库, 2024-06-08 ,中国优秀硕士学位论文全文数据库,关键词：机器学习 / 第一性原理计算 / 二维材料 / 光电特性,下载（290）,被引（0）
基于机器学习的Fe-C-Mn-Al系先进高强钢力学性能预测与设计研究  CNKI文献,成都大学 硕士 2024 基于机器学习的Fe-C-Mn-Al系先进高强钢力学性能预测与设计研究 Prediction and Design of Mechanical Properties of Fe-C-Mn-Al Advanced High Strength Steel Based on Machine Learning 程洪 何忠平；蒲宗山 材料与化工 先进高强钢...,程洪 导师:何忠平;蒲宗山,中国优秀硕士学位论文全文数据库, 2024-03-01 ,中国优秀硕士学位论文全文数据库,关键词：机器学习 / 监督学习 / 先进高强钢 / 力学性能,下载（116）,被引（0）
基于机器学习的L污水处理企业智能成本预警研究  CNKI文献,重庆理工大学 会计学院 硕士 2024 基于机器学习的L污水处理企业智能成本预警研究 Research on Intelligent Cost Early Warning of L Sewage Treatment Enterprises Based on Machine Learning 李宛霖 程平；王宏波 会计硕士（专业学位） 大数据与人工智能财务 随着智能化...,李宛霖 导师:程平;王宏波,中国优秀硕士学位论文全文数据库, 2024-03-15 ,中国优秀硕士学位论文全文数据库,关键词：污水处理企业 / 大数据 / 智能成本预警 / 数据仓库,下载（92）,被引（0）
机器学习辅助的锈蚀PC梁抗剪承载力预测方法  CNKI文献,重庆交通大学 硕士 2024 U441.5 机器学习辅助的锈蚀PC梁抗剪承载力预测方法 Machine Learning-assisted Prediction Method for Shear Capacity of Corroded PC Beams 孟令涛 郭增伟 桥梁与隧道工程 钢筋混凝土(RC)和预应力钢筋混凝土(PC)结构的抗剪能力是保障结构安全的关键因素...,孟令涛 导师:郭增伟,中国优秀硕士学位论文全文数据库, 2024-06-01 ,中国优秀硕士学位论文全文数据库,关键词：机器学习 / 遗传编程 / 锈蚀PC空心板梁 / 抗剪承载力,下载（64）,被引（0）
基于机器学习的创造性思维脑电信号分类  CNKI文献,"曲阜师范大学 心理学院 硕士 2024 基于机器学习的创造性思维脑电信号分类 高慧 刘春雷 基础心理学 创造力是促进人类文明繁荣发展、推动科技迭代更新的高级认知功能。作为创造力在认知层面的体现,创造性思维涉及复杂的认知基础和神经机制。脑电图(electroencephalogram,EEG)作为一种低成本、高时间分辨率的神经成像技术,为研究者提供了深入研究创造性思维的机...",高慧 导师:刘春雷,中国优秀硕士学位论文全文数据库, 2024-03-07 ,中国优秀硕士学位论文全文数据库,关键词：创造性思维 / 机器学习 / 脑电图 / 支持向量机,下载（66）,被引（0）
机器学习驱动的盾构隧道施工地表沉降预测和控制研究  CNKI文献,广州大学 硕士 2024 机器学习驱动的盾构隧道施工地表沉降预测和控制研究 Research on Surface Settlement Prediction and Control in Shield Tunnel Construction Driven by Machine Learning 王泽盼 刘超 土木工程（专业学位） 隧道智能建造 盾构施工引起的地表沉降...,王泽盼 导师:刘超,中国优秀硕士学位论文全文数据库, 2024-06-01 ,中国优秀硕士学位论文全文数据库,关键词：盾构隧道 / 机器学习 / 模型解释 / 沉降预测,下载（73）,被引（0）
基于机器学习的自发呈报系统中药品不良反应信号检测研究  CNKI文献,中国人民解放军海军军医大学 硕士 2024 基于机器学习的自发呈报系统中药品不良反应信号检测研究 Signal Detection of Adverse Drug Reaction in Spontaneous Reporting System Based on Machine Learning 陈枭 叶小飞 卫生统计学教研室 公共卫生（专业学位） 一、研究背景 药...,陈枭 导师:叶小飞,中国优秀硕士学位论文全文数据库, 2024-05-01 ,中国优秀硕士学位论文全文数据库,关键词：药品不良反应 / 信号检测 / 自发呈报系统 / 不相称方法,下载（86）,被引（0）
机器学习在识别和预测创伤后应激障碍中的应用  CNKI文献,中国人民解放军海军军医大学 硕士 2024 机器学习在识别和预测创伤后应激障碍中的应用 The Application of Machine Learning in Identifying and Predicting Posttraumatic Stress Disorder 王兢 刘伟志；尚志蕾 应用心理（专业学位） 刘旭峰 目的: 创伤后应激障碍(Posttr...,王兢 导师:刘伟志;尚志蕾,中国优秀硕士学位论文全文数据库, 2024-05-01 ,中国优秀硕士学位论文全文数据库,关键词：机器学习 / 创伤后应激障碍 / 识别 / 预测,下载（150）,被引（0）
基于机器学习预测半导体材料弹性及介电性质  CNKI文献,"西安理工大学 硕士 2024 基于机器学习预测半导体材料弹性及介电性质 Predicting Elastic and Dielectric Properties of Semiconductor Materials Using Machine Learning 胡瑞祎 王伟 物理学 随着科学技术的迅猛发展,传统的基于研究者科学直觉和大量重复的试错实验的材料制备方法已无法...",胡瑞祎 导师:王伟,中国优秀硕士学位论文全文数据库, 2024-06-30 ,中国优秀硕士学位论文全文数据库,关键词：半导体材料 / 弹性张量 / 弹性模量 / 介电张量,下载（148）,被引（0）
基于机器学习的互联网小额信贷授信风险问题研究  CNKI文献,"西南石油大学 硕士 2022 C93 基于机器学习的互联网小额信贷授信风险问题研究 陈俊安 张恒汝 工程管理硕士（专业学位） 风险管理 近年来,互联网金融业务在国内逐渐兴起,为了能够更好地服务于客户,商业银行信贷业务也不例外地朝着互联网方向大力发展,形成新的互联网信贷行业领域。在这样的趋势下,互联网信贷的风险也随之产生,信贷风险管理是该领域主要的研究内容之一。本文的研...",陈俊安 导师:张恒汝,中国优秀硕士学位论文全文数据库, 2022-10-01 ,中国优秀硕士学位论文全文数据库,关键词：机器学习 / 小额信贷 / 风控模型 / 信用评分卡,下载（9）,被引（0）
SERS结合机器学习筛查肺炎支原体感染的研究  CNKI文献,"吉林大学 生命科学学院 硕士 2024 R392.11 SERS结合机器学习筛查肺炎支原体感染的研究 SERS Combined with Machine Learning for Screening of Mycoplasma Pneumoniae Infection 程巧梅 蔡林君 生物学 生物检测技术 肺炎支原体(Mycoplasma pneumoniae,...",程巧梅 导师:蔡林君,中国优秀硕士学位论文全文数据库, 2024-06-01 ,中国优秀硕士学位论文全文数据库,关键词：表面增强拉曼光谱 / 化学指纹图谱 / 机器学习算法 / 肺炎支原体,下载（72）,被引（0）
基于机器学习的黄土高原沟壑区小流域水热碳过程模拟  CNKI文献,西安理工大学 硕士 2024 基于机器学习的黄土高原沟壑区小流域水热碳过程模拟 Modeling of the Processes of Water-heat-carbon Based on Machine Learning in a Gually Watershed on Loess Plateau 邓炜 刘登峰 水文学及水资源 土壤湿度、土壤温度、河水温度以及二氧化...,邓炜 导师:刘登峰,中国优秀硕士学位论文全文数据库, 2024-06-30 ,中国优秀硕士学位论文全文数据库,关键词：黄土高原 / 土壤湿度 / 土壤温度 / 河水温度,下载（44）,被引（0）
基于机器学习的加密流量分析与研究  CNKI文献,"西南石油大学 硕士 2022 TP393 基于机器学习的加密流量分析与研究 张荣华 刘智 网络空间安全 网络安全 流量分析是发现网络攻击的重要手段,通过对网络流量深度解析,可有效检测攻击并对攻击者进行画像(如分析操作系统)。但随着TLS协议大规模使用,传统流量分析方法难以分析流量内容,因此无法有效检测攻击。本文围绕加密流量,针对操作系统识别不够轻量化、恶意加密流量识别...",张荣华 导师:刘智,中国优秀硕士学位论文全文数据库, 2022-06-01 ,中国优秀硕士学位论文全文数据库,关键词：加密流量 / 机器学习 / 主动学习 / 恶意检测,下载（11）,被引（0）
基于机器学习的Cu-Ni-Co-Si合金带材形变热处理组织性能预测  CNKI文献,太原科技大学 材料科学与工程学院 硕士 2024 TG166.2 基于机器学习的Cu-Ni-Co-Si合金带材形变热处理组织性能预测 Prediction of Microstructures and Properties of Cu-Ni-Co-Si Alloy Strip after Deformation and Heat Treatments Based on Ma...,闫碧霄 导师:陈慧琴,中国优秀硕士学位论文全文数据库, 2024-04-01 ,中国优秀硕士学位论文全文数据库,关键词：Cu-Ni-Co-Si合金 / 固溶时效 / 冷变形 / 组织性能,下载（46）,被引（0）
铁基合金耐蚀性能的研究  CNKI文献,广州大学 硕士 2024 铁基合金耐蚀性能的研究 Research on the Corrosion Resistance of Ferrous Alloys 密度泛函理论计算与机器学习相结合的探索 An Exploration Combining Density Functional Theory Calculations and Machine Learning 陈尤...,陈尤 导师:乔智威;王海涛,中国优秀硕士学位论文全文数据库, 2024-05-01 ,中国优秀硕士学位论文全文数据库,关键词：铁基合金 / 腐蚀 / 密度泛函理论 / 机器学习,下载（28）,被引（0）
基于机器学习的张弦桁架抗连续倒塌能力评估  CNKI文献,第一章 绪论 1 第一章 绪论 1.1 研究背景 张弦桁架结构是在张弦梁结构基础上发展起来的一种新型大跨结构，是一种由中部 撑杆连接顶部刚性拱形桁架和底部柔性拉索组合而成的自平衡体系[1]，具有承载力高、 受力合理、跨度大、外形轻巧等优点[2]。近年来，随着我国经济发展水平的不断提高和 工程技术水平的飞速发展，张弦桁架结构在大空间的重要公共建筑中得到了广泛使用， 如新疆国际会展...,姚杰华 导师:周臻,中国优秀硕士学位论文全文数据库, 2023-05-21 ,中国优秀硕士学位论文全文数据库,关键词：张弦桁架 / 抗连续倒塌能力 / 机器学习 / 可解释SHAP方法,下载（13）,被引（0）
基于机器学习的加密代理类流量识别与分类技术研究  CNKI文献,第一章 绪论 第一章 绪 论 1.1 课题背景与研究意义 随着互联网技术不断发展，各类应用程序应运而生，网络用户数量也迅速增 加。中国互联网信息中心[1]的第 52 次统计报告指出，国内的网民规模已达 10.79 亿，互联网普及率高达 76.4%，数字基础建设进一步加速，各类应用的用户规模也 呈现增长趋势，使得互联网成为了人民生活中不可或缺的一部分。为了确保用户 隐私并提升用户数据的...,周楠馨 导师:李玉军,中国优秀硕士学位论文全文数据库, 2024-03-15 ,中国优秀硕士学位论文全文数据库,关键词：加密代理类流量 / 流量识别 / 业务分类 / 机器学习,下载（37）,被引（0）
面向跨数据中心机器学习的高性能训练系统及性能优化技术  CNKI文献,第一章 绪论 第一章 绪 论 1.1 研究背景及意义 尽管分布式机器学习在单个智算中心内已经取得巨大成功，但出于用户服务 延迟和数据监管要求的考虑，企业常在世界各地建设数据中心。这些数据中心就 近服务用户，就近存储用户数据，所以训练数据天然是地理分散的。另一方面， 近期的研究对智算集群中 GPU 的使用情况进行了统计，发现仅有 55% 至 80% 的 GPU 得到了利用 ...,李宗航 导师:虞红芳,中国博士学位论文全文数据库, 2024-03-26 ,中国博士学位论文全文数据库,关键词：地理分布式机器学习 / 通信架构设计 / 通信调度优化 / 系统异质性优化,下载（47）,被引（0）
多源遥感数据与机器学习算法的沼泽湿地信息提取  CNKI文献,"遥感技术具有观测范围广、时间分辨率高、信息量大等特点，在湿地资源调查中得到广泛应用（Abdelmajeed et al.,2023）。其中，雷达数据能够监测湿地区域内水文要素的相关信息，多光谱数据则提供植被覆盖和群落类型的相关信息，在湿地和植被带信息的识别和区分方面发挥了一定的作用（Fan et al.,2023）。Sentinel-1合成孔径雷达（SAR）数据具有显著的优势，不受天气状况的影响，...",李濡旭 武海涛 姜明 邹元春 秦树林 徐琛 王丹 田恩朋 薛振山,《湿地科学与管理》,2024年02期,期刊,关键词：多源遥感数据 / 机器学习 / 随机森林 / GEE,下载（699）,被引（0）
机器学习在因果推断中的应用  CNKI文献,机器学习具有强大的模型外线性和非线性预测能力， 其侧重于关联， 在疾病风险预测、 诊断和预后等方面得到广泛应用[1]。因果推断具有良好的推理能力和可解释性， 侧重于因果关系。机器学习和因果推断在早期并无太大联系， 甚至在某些情况下， 二者存在矛盾。进入大数据时代后， 由于传统的因果推断方法侧重于二维变量， 如果直接应用于高维数据， 有可能会影响因果推断的准确性， 甚至无法运...,王星 吴亚飞 方亚,《中国卫生统计》,2024年02期,期刊,关键词：机器学习 / 因果推断 / 因果模型,下载（596）,被引（0）
机器学习预测脑卒中病人日常生活活动能力的研究进展  CNKI文献,脑卒中是一种急性脑血管疾病，由于脑血管病变引起脑功能障碍，是全球致死、致残的首要原因。我国脑卒中筛查数据显示，城市和农村居民的脑血管病的发病率分别为203.6/10万和298.2/10万，死亡率分别为128.88/10万和160.19/10万[1]。随着人口老龄化和城市化进程加速，发生脑卒中的危险因素仍在逐年增长，给社会带来沉重的负担。脑卒中发病率呈年轻化趋势[2]，为了提高临床对脑卒中的识别和诊...,李贤 马秀芝,《护理研究》,2024年08期,期刊,关键词：脑卒中 / 机器学习 / 日常生活活动能力 / 信息化管理,下载（1217）,被引（0）
机器学习中基于同态加密的隐私保护技术研究  CNKI文献,第一章 绪论 第一章 绪 论 本章将从机器学习技术与同态加密技术出发对本文的背景与研究意义、国内 外的研究现状以及本工作的贡献与创新进行概述。 1.1 本文的背景与意义 随着大数据技术的兴起与发展，个人数据与企业数据的隐私保护变得日渐重 要。在信息时代，不仅是个人对于隐私保护技术的关注度不断增加，企业对于数 据隐私保护的需求也不断增长。同时近年来随着机器学习技...,刘健智 导师:李善仓,中国优秀硕士学位论文全文数据库, 2024-04-15 ,中国优秀硕士学位论文全文数据库,关键词：机器学习 / 神经网络 / 隐私保护 / 同态加密,下载（33）,被引（0）
机器学习技术在眼健康领域的应用  CNKI文献,获取全文 引言 机器学习是人工智能科学领域的重要分支，是实现人工智能的一个重要途径。近年来，随着机器学习算法本身的进步、大数据技术的突破以及算力设备的发展，机器学习技术在教育、金融、制造和医疗等领域得到了广泛的应用。特别是在医疗领域，医疗影像设备的发展、电子病历系统的普及和其他医疗信息相关技术的进步，为机器学习技术赋能医疗行业、在多个医疗环节中发...,叶旭 杜一 崔文娟 沈俊杰 谢靖 王露笛,《数据与计算发展前沿(中英文)》,2024年02期,期刊,关键词：眼健康 / 机器学习 / 大数据技术,下载（393）,被引（0）
基于机器学习的材料设计  CNKI文献,"材料科学是一门与工程技术密不可分的应用科学,主要研究材料的合成、性能、结构和应用.从古至今,材料的发现和创新一直是人类文明进步的重要驱动力.当代社会,现代科技和工业对于新型、高性能材料的需求与日俱增,材料科学的重要性日益凸显.材料科学的发展为科技生活注入了新的活力,如高性能轻质金属材料、新型钙钛矿材料、高温超导材料、半导体材料等,在能源、通信、交通、医疗等各领域都发挥着重要作用[1].在过去几十年...",陆文聪 吴炎淼 刘太昂 卢天 纪晓波 邢雷凯,《河南师范大学学报(自然科学版)》,2024年04期,期刊,关键词：机器学习 / 材料设计 / 配方优化,下载（1216）,被引（0）
基于机器学习的岩土工程优化应用研究  CNKI文献,0 引言 岩土工程是一项保障人民日常生活的业务，通过将机器学习应用于岩土工程中，可以有效地分析、评测、整合并准确地预测岩土参数，能够极大地提升岩土工程的施工质量，确保其能够按时完工，推动岩土工程健康发展。 1 机器学习在岩土工程中应用研究的基本概念和背景 机器学习是指计算机通过分析数据库中的数据，总结归纳数据运行变化的规律，将其规律固定到模型中，模型具有推...,徐全善 祝毓萍 查治洲,《江苏通信》,2024年02期,期刊,关键词：机器学习 / 岩土工程 / 应用研究,下载（112）,被引（0）
可信机器学习综述  CNKI文献,####机器学习是人工智能领域的一个重要分支，是对通过学习经验数据提高计算机系统或算法性能以适应各种环境和任务的研究[1]。该方法作为当今发展速度最快的技术之一，受到了学界和业界的广泛关注与认可，在各行各业都得到了广泛的应用[2]，在图像识别、自然语言处理、数据挖掘与预测等关键任务上都展现出了超越人类的能力[3]。随着机器学习在大众生活中的不断渗入与广泛应用，人...,陈彩华 佘程熙 王庆阳,《工业工程》,2024年02期,期刊,关键词：可信机器学习 / 公平性 / 可解释性 / 鲁棒性,下载（316）,被引（0）
基于高通量筛选和机器学习的电催化材料设计  CNKI文献,"贵州师范大学 硕士 2024 基于高通量筛选和机器学习的电催化材料设计 Design of Electrocatalytic Materials Based on High-Throughput Screening and Machine Learning 杨雨 肖文君 无线电物理 光电催化材料设计研究 人类过度依赖煤、石油和天然气等能源,对能源储量和环境都带来严重的...",杨雨 导师:肖文君,中国优秀硕士学位论文全文数据库, 2024-05-25 ,中国优秀硕士学位论文全文数据库,关键词：第一性原理计算 / 二维材料 / 电催化 / 机器学习,下载（181）,被引（0）
智慧水利“教学+科创+竞赛”协同体系构建——以智慧水利“人工智能与机器学习”课程建设为例  CNKI文献,为了加快智慧水利建设，推动新阶段水利高质量发展，2021年10月，水利部制定了《关于大力推进智慧水利建设的指导意见》《智慧水利建设顶层设计》及《十四五智慧水利建设规划》，确定了建设数字孪生流域，实现具有预报、预警、预演、预案功能的智慧水利体系[1]。鉴于智慧水利在促进水资源优化配置、水利工程智能建造及水灾害防治等方面表现出的独特优势，目前智慧水利已成为全国各大水利部门的研发热点，但是智慧水利复合型...,刘泽 张智韬 许景辉,《黑龙江教育(高教研究与评估)》,2024年04期,期刊,关键词：智慧水利 / 课程体系 / 教学改革 / 大学生科创,下载（498）,被引（0）
基于OBE和德育教育的机器学习课程探索与实践  CNKI文献,引言 机器学习作为人工智能领域的一个关键分支，已经成为推动技术革新和产业变革的重要力量。在大数据技术的推动下，机器学习算法和模型处理大规模数据集的能力得到了显著提升，这从推荐系统到自动驾驶汽车，从语音识别到图像处理，机器学习都扮演着核心角色。预计在未来十年，掌握机器学习的基础理论和方法将成为大多数工程技术人员必备的技能。开设机器学习课程...,张俊丽,《中国多媒体与网络教学学报(上旬刊)》,2024年04期,期刊,关键词：机器学习 / OBE教学理念 / 德育教育,下载（42）,被引（0）
基于机器学习的加密货币收益、风险溢出效应与投资组合研究  CNKI文献,"中山大学 博士 2024 基于机器学习的加密货币收益、风险溢出效应与投资组合研究 Research on Cryptocurrency's Returns,Risk Spillover Effects,and Portfolios Based on Machine Learning 李星毅 朱书尚 金融学 作为数字资产的关键组成部分,加密货币为传统金融系统带来变革的同时...",李星毅 导师:朱书尚,中国博士学位论文全文数据库, 2024-05-26 ,中国博士学位论文全文数据库,关键词：加密货币 / 收益率预测 / 波动率溢出效应 / 机器学习,下载（592）,被引（0）
基于机器学习的互联网小额信贷授信风险问题研究  CNKI文献,"西南石油大学 硕士 2022 C93 基于机器学习的互联网小额信贷授信风险问题研究 Research on Credit Risk of Internet Microfinance Based on Machine Learning 以L银行为例 Taking L Bank as an Example 陈俊安 张恒汝 工程管理硕士（专业学位） 风险管理 近年来,...",陈俊安 导师:张恒汝,中国优秀硕士学位论文全文数据库, 2022-10-01 ,中国优秀硕士学位论文全文数据库,关键词：机器学习 / 小额信贷 / 风控模型 / 信用评分卡,下载（24）,被引（0）
机器学习在帕金森病诊断中的应用研究  CNKI文献,"帕金森病（Parkinson’s Disease,PD）是继阿尔茨海默病（Alzheimer’s Disease,AD）之后的第二大常见的神经退行性疾病，平均发病年龄为60岁左右。PD影响着全世界700～1 000万人[1]，中国每年新增超过10万患者，近年来还呈现年轻化的发病趋势。到2030年，中国PD患者可能将占世界PD患者总人数的一半[2]。PD与位于人脑丘脑区的黑质损坏相关，黑质神经元不可...",李西 姜孟,《电子科技大学学报》,2024年02期,期刊,关键词：帕金森病 / 机器学习 / 人工智能 / 诊断,下载（677）,被引（0）
机器学习在婴幼儿孤独症谱系障碍早期筛查中的应用进展  CNKI文献,"孤独症谱系障碍（autism spectrum disorder,ASD）是一组以社交障碍及重复刻板的兴趣和行为为核心症状的神经发育性疾病[1]。ASD起病于发育早期，在出生后6～18个月时即可显现相应症状[2]。近年来，ASD的患病率不断攀升，已成为儿童期最常见的神经发育障碍之一[3]，并且在世界范围内呈现无地区差异性的流行趋势[4]。美国疾病预防控制中心2021年的数据显示，ASD在8岁儿童中...",朱宏锐 张华 任珊 梅媛 肖归,《教育生物学杂志》,2024年02期,期刊,关键词：孤独症谱系障碍 / 机器学习 / 早期筛查 / 婴幼儿,下载（93）,被引（0）
机器学习辅助定向进化HIS1酶的PP塑料降解方法  CNKI文献,中南林业科技大学 生命科学与技术学院 硕士 2024 机器学习辅助定向进化HIS1酶的PP塑料降解方法 Machine Learning Assisted Directed Evolution of HIS1 Enzyme for PP Plastic Degradation 陈文韬 李永 生物与医药（专业学位） 环境生物工程 由于聚丙烯(PP)塑料在工业、商业和农...,陈文韬 导师:李永,中国优秀硕士学位论文全文数据库, 2024-04-15 ,中国优秀硕士学位论文全文数据库,关键词：机器学习 / 定向进化 / HIS1 / 聚丙烯,下载（60）,被引（0）
制造业数字化转型驱动因素研究  CNKI文献,"兰州财经大学 硕士 2024 制造业数字化转型驱动因素研究 Research on Drivers of Digital Transformation in Manufacturing Enterprises 基于机器学习的证据 Evidence Based on Machine Learning 贾映彬 关辉国 工商管理 企业管理 公司治理 在数字化时代,制造业...",贾映彬 导师:关辉国,中国优秀硕士学位论文全文数据库, 2024-05-30 ,中国优秀硕士学位论文全文数据库,关键词：企业数字化转型 / 机器学习 / 制造业 / 上市公司,下载（159）,被引（0）
影像组学与机器学习在非小细胞肺癌淋巴结分期中的应用  CNKI文献,"开放科学(资源服务)标识码(OSID): 肺癌是最常见的癌症之一[1],非小细胞肺癌(non-small cell lung cancer, NSCLC)约占所有肺癌病例的85%[2]。肺癌分期是评估肺癌患者的关键步骤。准确的肿瘤分期是为每位患者提供最佳治疗方案的基础。对于大多数肺癌患者来说，纵隔淋巴结的评估是肺癌评估的关键。在缺乏远处转移证据的情况下，区域淋巴结的状态是指导治疗决策的的主要因素...",乔健一 李雅迪 王鹏远 辛军,《放射学实践》,2024年03期,期刊,关键词：肺肿瘤 / 非小细胞肺癌 / 影像组学 / 机器学习,下载（440）,被引（0）
机器学习联合遗传算法策略下的高性能Cu-Ni-Co-Si合金设计  CNKI文献,太原科技大学 材料科学与工程学院 硕士 2024 TG146.11;TP181 机器学习联合遗传算法策略下的高性能Cu-Ni-Co-Si合金设计 Design of High-performance Cu-Ni-Co-Si Alloy with Machine Learning Joint Genetic Algorithm Strategy 张英凡 党淑娥；陈娟 材...,张英凡 导师:党淑娥;陈娟,中国优秀硕士学位论文全文数据库, 2024-04-10 ,中国优秀硕士学位论文全文数据库,关键词：Cu-Ni-Co-Si / 机器学习 / 遗传算法 / 冷轧变形,下载（45）,被引（0）
基于项目驱动的“机器学习”课程创新实践探索  CNKI文献,随着人工智能时代的到来，教育部多次发文推进新工科建设，强调应注重人工智能与计算机、控制论、概率论、统计学等多门学科知识的交叉融合，对接产业需求建设新工科专业，紧跟科技前沿发展重构课程内容、改革教学模式，培养复合型、创新型人才[1-2]。新工科背景下，机器学习作为人工智能的一门核心专业课程，如何基于新工科理念改革课程教学是当前“机器学习”课程面临的主要挑战[3]。机器学...,张亚茹 郝定溢,《科教导刊》,2024年08期,期刊,关键词：人工智能 / 新工科 / 机器学习 / 项目驱动,下载（88）,被引（0）
机器学习在银行业反诈领域的应用探索  CNKI文献,一、概述 目前我国电信诈骗形势相当严峻，根据公安部的统计数据，电信网络诈骗已成为当前中国最严重的犯罪之一。电信诈骗在全国范围内普遍存在，受害人群体非常广泛，主要包括老年人、学生、农民工、企业员工、专业人士等，给人民群众带来了巨大的损失。而电信诈骗手段日益多样化和复杂化，诈骗者利用高科技手段、不断更新诈骗手段进行诈骗活动，造成了极恶劣的影响。 由于电信诈骗的复杂性和隐蔽性，打击电信诈骗需要全社会...,余刚健 程鹏 钟萃芳,《金融科技时代》,2024年03期,期刊,关键词：银行业 / 反诈预测 / 专家模型 / 机器学习,下载（301）,被引（0）
视觉识别与机器学习在财务风险管理中的应用  CNKI文献,0 引言 能源企业面临着复杂的财务风险，如市场波动、资金流动性问题、投资项目风险等。准确识别和评估这些风险对于保障企业的稳定运营至关重要。传统的财务风险识别方法存在着主观性高、效率低、易受人为误判等问题。而计算机视觉和机器学习作为新兴的技术手段，在财务风险识别中展现出巨大潜力。 1 研究背景 计算机视觉与财务风险识别。计算机视觉是一种基于图像和视频处理的技术，其在财务领域中的应用...,姬艳萍,《集成电路应用》,2024年03期,期刊,关键词：计算机技术 / 视觉识别 / 机器学习 / 能源企业,下载（103）,被引（0）
机器学习赋能的优化算法及其在新型电力系统中的应用与展望  CNKI文献,0引言 随着全球气候变化、环境污染问题日益严峻，传统以化石燃料为主要能源的发电系统正面临着巨大挑战。为尽早实现“碳达峰、碳中和”重要战略目标，关键举措之一便是构建新型电力系统。《“十四五”现代能源体系规划》提出构建以新能源为主体的新型电力系统，推动电力系统向适应大规模高比例新能源方向演进。新型电力系统可以通过数字化技术有效地整合可再生能源以及分布式储能系统，是实现能源清洁和国民经济可持续发展的重...,王新迎 闫冬 施展 张东霞 邓琪 林振炜,《中国电机工程学报》,2024年16期,期刊,关键词：机器学习 / 新型电力系统 / 人工智能 / 优化算法,下载（2252）,被引（0）
基于机器学习的自动化机械系统故障诊断与预测研究  CNKI文献,0 引言 自动化机械系统在现代工业中扮演着重要的角色，它们可以自主执行各种任务并提高生产效率。然而，由于系统的复杂性和长时间保持运行，这些系统容易出现故障，导致生产停止和设备损坏。因此，及时诊断和预测故障变得至关重要，它可以让我们提前采取适当的维修措施，减少停机时间和维修成本。传统的故障诊断方法通常基于专家知识和经验，但这种方法往往依赖于人工分析和判断，费时且不准确。随着机器学习技术...,刘将伟,《家电维修》,2024年03期,期刊,关键词：机器学习 / 自动化机械系统 / 故障诊断 / 故障预测,下载（644）,被引（0）
基于机器学习技术的低渗透储层孔隙结构表征与预测方法研究  CNKI文献,"中国石油大学（华东）博士学位论文 1 第一章 引 言 1.1 研究目的及意义 本研究主要为测井地质学与机器学习技术交叉研究，探讨利用机器学习技术进行尺 度升级，探索机器学习技术在孔隙结构表征与建模的适用性及应用性。目前尺度升级主 要在三个方向展开：1）探测技术的精进：主要在提高测井径向及纵向分辨率或开发新 探测技术的轨道上[1,2]，例如...",王喜冬 导师:范宜仁,中国博士学位论文全文数据库, 2021-11-01 ,中国博士学位论文全文数据库,关键词：塔中地区 / 柯坪塔格组上三亚段 / 低渗透砂岩 / 孔隙结构,下载（8）,被引（0）
微博用户人格特质与新冠疫情下主观幸福感的关系：基于机器学习方法  CNKI文献,贵州师范大学 硕士 2021 微博用户人格特质与新冠疫情下主观幸福感的关系：基于机器学习方法 The Relationship between Weibo Users' Personality Traits and Subjective Well-being under the Epidemic of COVID-19: Based on Machine Learning Me...,潘文浩 导师:赵守盈,中国优秀硕士学位论文全文数据库, 2021-05-28 ,中国优秀硕士学位论文全文数据库,关键词：新冠疫情 / 大五人格特质 / 主观幸福感 / 在线文本分析,下载（25）,被引（0）
基于运维知识图谱与机器学习的故障处理决策模型研究  CNKI文献,0 引言 故障应急处理是数据中心运维管理的重要任务之一。随着技术的不断发展，运维团队面临着越来越复杂和多样化的故障情况。为了提高故障处理的效率和准确性，本文利用知识图谱和机器学习技术来构建故障处理决策模型具有重要意义[1]。 [1] 1 知识图谱在故障处理中的应用 1.1 知识图谱的特点 1.1.1 多源、多模态的知识整合 知识图谱可以整合来自不同数据源和不同模态的知识信息...,邓嵬,《信息记录材料》,2024年03期,期刊,关键词：知识图谱 / 机器学习 / 故障处理 / 决策模型,下载（107）,被引（0）
基于机器学习的民用无人机避撞技术进展  CNKI文献,"引言 随着无人机相关技术的飞速发展,无人机在电力与油气管路巡检、遥感测绘、安防监控、应急救灾、农林植保和快递物流等民用领域得到了广泛的应用。根据BCC Research发布的《Drone Technology and Global Markets 2022》显示,到2022年,全球无人机技术市场估计价值296亿美元,预计到2027年产值将达到547亿美元。其中,城市场景中的无人机物流业务作为民用...",顾文勇,《高科技与产业化》,2024年02期,期刊,关键词：无人机 / 避撞 / 机器学习,下载（243）,被引（0）
机器学习在公共卫生领域的应用现状  CNKI文献,随着测量技术、数据存储设备和连接不同数据集技术能力的不断提高，越来越多的信息可供公共卫生研究和决策使用。机器学习是一种近年来快速发展的数据分析方法，具有高效、准确和自动化的特点，在公共卫生领域中得到了广泛应用。机器学习可以处理大量的数据，发现其中的模式和规律，并不断学习和优化模型，以提高预测和决策的准确性。本文综述了机器学习在公共卫生领域的应用，包括...,宋源龙 张态,《预防医学论坛》,2024年01期,期刊,关键词：机器学习 / 公共卫生 / 流行病学 / 人工智能,下载（935）,被引（0）
初级保健领域基于机器学习预测模型研究的设计特征与方法学质量：范围综述  CNKI文献,近年来，随着以信息技术和人工智能技术为代表的新兴技术的迅速发展，初级保健服务和基本医疗在数字化、智能化、协同化等方面不断发展、完善[1-3]。与专科医疗机构相比，初级保健服务机构常规登记数据、区域健康医疗数据、健康档案数据、患者自行报告的数据及移动设备采集的数据体量更为庞大，基于这些数据的临床研究报告及文献数量呈现逐渐升高趋势。在初级保健研究领域，学者开始尝试借助大数据和人工智能技术，通过...,钟锦佳 李文涛 黄亚芳 吴浩,《中国全科医学》,2024年10期,期刊,关键词：初级保健 / 机器学习 / 研究设计 / 预测模型,下载（485）,被引（0）
基于机器学习的数据情报侦查预测研究  CNKI文献,####引　言侦查预测是指侦查员根据已掌握的案情和有关的专门知识、经验，用各种科技手段和逻辑思维方法，对案件的性质、案情发展态势等进行预先推测的活动[1]。可见，采用先进的科技手段和正确的思维方法是提升侦查预测质量的前提和保障，而高质量的侦查预测是提高侦查效果的重点与难点，亦是制定警务决策、开展警务行动的重要依据。以历史纵向视角观之，自20世纪90年代我国进入互联网时代以来，公安情报预测在科技轨道...,岳佳,《中国人民公安大学学报(社会科学版)》,2024年01期,期刊,关键词：机器学习 / 数据犯罪情势 / 数据情报侦查 / 侦查预测,下载（403）,被引（0）
初中英语教育评估的机器学习方法与应用  CNKI文献,随着教育领域的不断发展和信息技术的进步，机器学习技术的引入为解决学生英语学习水平评估问题提供了新视角和新方法。机器学习可以分析大量的学生数据，包括考试成绩、作业表现、学习记录等多方面的信息，以帮助教育工作者更全面地评估学生的知识掌握情况。通过数据驱动的方法，机器学习建立并运用深度学习模型，根据多维度的信息预测学生的学习@...,王飞,《基础教育论坛》,2024年03期,期刊,关键词：初中英语 / 核心素养 / 机器学习 / 教育评估,下载（53）,被引（0）
基于机器学习的焦虑脑电识别技术分析  CNKI文献,0 引言 焦虑是一种正常的生理和心理反应，但人体若长期处于焦虑状态，则有可能演变成焦虑症等焦虑障碍。焦虑症以及其他焦虑障碍是全球范围内的常见心理健康问题，会影响患者的生活质量，降低生活的幸福指数。 1 研究背景 传统的焦虑状态识别方法是通过受试者的量表自测和临床医生的主观评估。这些方法受人的主观性影响较大，因此需要更客观的工具来提高焦虑状态识别的准确性。利用各种生理信号进行焦虑识别受到广大研...,邱江 王在俊 刘人杰,《电子技术》,2024年01期,期刊,关键词：脑电信号 / 焦虑识别 / 数据处理 / 机器学习,下载（337）,被引（1）
基于机器学习的移动通信网络切片安全部署技术研究  CNKI文献,0 引言 在当今数字化时代，移动通信网络扮演着日益重要的角色，为人们提供了无缝连接、高效通信的便利，然而，随着通信网络的不断发展和智能化的不断推进，用户的敏感数据也变得越来越庞大且重要。面对这些敏感数据的保护需求，网络切片技术作为一种关键的网络架构方案，为移动通信网络提供了更为灵活、高效的资源分配方式。广西公司开展网络关键数据监测服务和网络域相关系统的安全合规检查是加强信息安全的工作要求。项目支...,钟磊,《电子元器件与信息技术》,2024年01期,期刊,关键词：机器学习 / 移动通信 / 通信网络 / 切片安全,下载（75）,被引（1）
蛋白质计算中的机器学习  CNKI文献,"1 引言 蛋白质(protein)是生命的关键物质基础之一.研究它们对理解生命体系、探究生命进程和治疗疾病有着重大意义[1–3].由于时间与空间尺度、复杂度和可控性以及实验成本等原因,只依靠实验方法对蛋白质进行研究是不够的,用计算方法对蛋白质的研究可弥补实验研究的不足[4,5].对蛋白质实施计算研究主要有四种目的:研究蛋白质的结构、运动或相互作用细节(通常是通过分子动力学模拟)[6];给定蛋白质...",张嘉晖,《物理学报》,2024年06期,期刊,关键词：蛋白质 / 机器学习 / 分子动力学模拟 / 结构预测,下载（571）,被引（1）
机器学习、策略选择与供应链金融合谋行为：基于演化博弈视角的研究  CNKI文献,一、引言 “十四五”规划提出，加快发展现代产业体系。但是，随着世界经济全球化发展进程的加快，我国企业所面临的外部环境日益复杂，尤其是作为产业链、供应链中重要节点及国民经济重要组成部分之一的中小企业，其在履行创造就业岗位、促进科技创新、服务经济发展等社会责任的同时，也会面临自身融资需求与社会融资路径不适配的困境。回顾过去，金融危机期间的信贷紧缩曾致使许多供应商破产，并威胁到全球供应链的稳定[1]，...,任博 邱国栋,《金融理论与实践》,2023年12期,期刊,关键词：机器学习 / 金融科技 / 供应链金融 / 合谋掩饰,下载（1248）,被引（1）
基于机器学习的甜味剂分类预测模型研究进展  CNKI文献,1 简介 甜味是各种食物中最重要的味道之一，过量摄入糖类会增加不良健康状况的风险[1]。甜味剂的发现是食品领域的一场革命，使得生产无热量摄入的甜食成为可能[2]。甜味剂按来源可分为天然甜味剂和人工合成甜味剂。天然甜味剂是指从天然物质（通常是植物）中提取、分离出的甜味物质[3]。人工合成甜味剂，也称为糖替代品或非糖甜味剂，是指用作食品或饮料添加剂以替代糖的化合物[4]。甜味剂的安全性问题争议不断[...,林凡超 徐守江,《中国食品添加剂》,2024年01期,期刊,关键词：甜味剂 / 机器学习 / 深度学习 / 分类,下载（728）,被引（1）
机器学习在航空发动机钛合金研究中的应用进展  CNKI文献,弭光宝研究员，博士，研究方向为发动机钛火防控及高温钛合金。用密度泛函理论、蒙特卡洛随机算法和有限元方法对原子尺度和连续过程进行同步建模[4]。随着合金化元素种类增加，合金性能与组成元素的关系趋于复杂，各成分之间存在相互作用，对合金成分的设计和优化提出了更大的挑战。传统合金设计方法计算和试验成本高，新的合金成分设计和性能预测方法有待发展。近些年机器学习和数据科学快速发展，为各类合金成分设...,弭光宝 孙圆治 吴明宇 李培杰,《航空制造技术》,2024年Z1期,期刊,关键词：航空发动机钛合金 / 机器学习 / 性能预测 / 合金成分优化,下载（453）,被引（1）
基于物联网通信与机器学习的智能客服系统研究  CNKI文献,0 引言 现阶段，随着人工智能与信息化技术的不断创新进步，智能客服系统兴起，为各个领域及企业的发展提供便利条件，也促使智能客服进一步受到人们的重视[1]。其实，智能客服系统的发展过程是较为漫长的，从最开始的检索式机器人；演变成运用定向模板，支持多词匹配，具有模糊查询能力的客服系统程序；以此为基础，引入搜索技术，对相关性词汇进行排序，系统识别用户的语音和问题，完成目标处理；现如今是智能...,杨锋 杜秀君,《长江信息通信》,2024年01期,期刊,关键词：物联网技术 / 通信识别 / 机器学习 / 智能客服,下载（114）,被引（1）
机器学习驱动难熔高熵合金设计的现状与展望  CNKI文献,"随着航空航天、核反应堆、石油化工领域的迅速发展，对高温金属材料的性能提出了更为严苛的要求[1-2]。传统的镍基合金因其熔点偏低，需通过添加W,Mo等高熔点元素来提升其使用温度，但依然无法满足核反应堆、液体火箭发动机喷嘴、陆地燃气轮机等部件在超高温极端环境下的性能需求[2-3]。因此，迫切需要设计出具有更为优异力学性能和耐高温性能的新型合金。 [1-2] [2-3] 以难熔元素（如V,Cr,Z...",高田创 高建宝 李谦 张利军,《材料工程》,2024年01期,期刊,关键词：难熔高熵合金 / 机器学习 / 相结构 / 力学性能,下载（1156）,被引（1）
计量经济学中的机器学习方法：回顾与展望  CNKI文献,0 引言 计量经济学是以经济理论和实证数据为基础，借助数学和统计学工具预测和识别因果关系，为经济管理的实证研究提供理论支撑与方法工具的一门学科[1]。计量经济学的主要作用包括经济预测、验证理论和政策评价。计量经济学为各种互相竞争的经济理论提供“证伪”的契机，并为政策实施与政策评估提供科学决策依据。在推动经济学科学化的过程中，计量经济学发挥的作用不容忽视。在大数据时代，数据的形式和数量经历了翻天覆...,石荣 张特 杨国涛,《统计与决策》,2024年01期,期刊,关键词：机器学习 / 计量经济学 / 大数据 / 因果推断,下载（2921）,被引（1）
基于“3M”教学方法的机器学习课程改革与实践  CNKI文献,0 引言 在本科专业设置调整工作中，教育部明确提出引导高校用好学科交叉融合的“催化剂”，在科技发展前沿，以培养学生的高阶思维能力和问题解决能力为目标，创新推动学科交叉融合[1]，因此，解决教学中知识交叉融合并实现创新应用是一个共同难题和挑战[2]。在中国，很多高校已经成为拥有多元化学生群体的综合性组织，这使得在学生学习与开展教学活动时课堂环境要更有趣并具有挑战性[3-4]。 [1]...,唐静 王艳洁 王萌阳 张传扬 张晓明 郭一达 韩易霖,《计算机教育》,2024年01期,期刊,关键词：机器学习 / 学科交叉融合 / 教学研究 / 以学生为中心,下载（169）,被引（1）
基于机器学习的故障诊断方法研究综述  CNKI文献,随着我国工业技术的不断发展，工业机械和设备的整机复杂度不断提高。为了保障设备安全运行，必须对其进行有效的故障诊断。大量研究表明，故障诊断技术是发现机械设备早期故障的有效措施，可以为操作人员提供一定的决策经验，从而提前找出设备故障原因，避免重复出现同类故障，确保设备的工作效率，提高其可靠性。 随着计算机技术的不断发展，机器学习算法的性能在不同领域有所体现。在故障诊断中，机器学习@...,赵瑶瑶,《中国设备工程》,2024年01期,期刊,关键词：机器学习 / 故障诊断 / 浅层学习,下载（1747）,被引（1）
基于机器学习的水电能源发电效率预测与优化分析  CNKI文献,0 引言 随着全球能源需求的不断增长，新能源发电已经成为一种重要的能源来源。水电新能源发电作为一种可再生的能源形式，具有许多优点，如清洁、可调峰、可分布式等。然而，水电新能源发电的效率受到多种因素的影响，如水文条件、气象条件、设备状况等。因此，对水电新能源发电效率进行预测和优化，可以提高能源的利用效率，减少能源的浪费。 1 研究背景 水电新能源发电的定义和分类。水电新能源发电是指利用水资源进...,贺嘉坤,《集成电路应用》,2024年01期,期刊,关键词：机器学习 / 水电系统 / 效率预测,下载（157）,被引（1）
锂电池故障检测与机器学习算法应用  CNKI文献,0 引言 在医用电气设备中，采用锂电池作为能源已成为趋势。然而，由于电池的物理特性和工作环境的复杂性，锂电池故障可能会导致设备的性能下降甚至故障。因此，开发一种高效且准确的锂电池故障检测方法具有重要意义。机器学习算法具有适应性强、自动化程度高等特点，在故障检测领域展现出潜力。 1 研究背景 锂电池在医用电气设备中的应用。锂电池在医用电气设备中的应用是一个备受关注的研究领域。随着现...,魏皓 孙鹏 刘瑞瑞,《集成电路应用》,2024年01期,期刊,关键词：数据处理 / 锂电池 / 故障检测 / 评估策略,下载（291）,被引（1）
基于机器学习模型理论的基坑变形预测研究  CNKI文献,随着城市建设的不断发展，工程建设已不再局限于地面，城市地下空间开发日益增多，因此基坑工程也随之增加[1-2]。与此同时，基坑工程变得越来越复杂，因此对基坑进行监测变得尤为重要，基坑监测技术也逐渐从人工监测向自动化监测领域发展[3]。 [1-2] [3] 与人工监测相比，自动化监测通过将不同的传感器和监测设备相连，能即时获取各监测仪器的数据，全天候动态监测基坑。这个方式不仅可以节省人力成本，还...,田久晖 程华强 苏鑫 邓钦震 杨宏,《中国新技术新产品》,2024年01期,期刊,关键词：基坑 / 变形 / 自动化监测 / 机器学习,下载（159）,被引（1）
机器学习在智能物流研究中的应用进展与展望  CNKI文献,随着科学技术的不断发展，当今世界正掀起新一轮的产业革命。物流作为国民经济发展的基础产业和重要动脉，正面临着产业转型升级。传统的物流模式已不能满足人民日益增长的需求，物流正朝着自动化、智能化方向发展，智能物流的概念随之诞生。自动识别、人工智能、数据挖掘等技术为智能物流的发展提供了强大的驱动力[1]。其中在人工智能的研究中，学习被认为是一个关键的特征，机器学习也成为人工智能的重...,魏进 闫春雨 闫雪原,《物流科技》,2024年01期,期刊,关键词：机器学习 / 智能物流 / 智能仓储 / 智能运输,下载（1034）,被引（1）
基于机器学习的软件缺陷预测方法研究  CNKI文献,在数字化时代，软件已经成为企业和组织日常运营的核心。然而，软件缺陷的存在可能导致严重的业务中断和数据泄漏，从而损害组织的声誉和经济利益。本文旨在探索基于机器学习的软件缺陷预测方法，以提高软件质量，减少缺陷带来的高成本和高风险问题。 数据收集与管理 1.数据来源与获取 (1）数据来源。软件缺陷预测的数据有多个来源，最常见的数据源之一是版本控制系统，如Git或Subversion，它...,李睿宇,《网络安全和信息化》,2024年01期,期刊,关键词：机器学习 / 缺陷预测,下载（341）,被引（1）
新工科背景下“五融入”创新人才培养模式研究——以“机器学习”课程为例  CNKI文献,“新工科”于2016年6月由教育部首次提出，做好新工科建设是我国工程教育改革的重要方向，更是我国日后赢得国际竞争不可或缺的法宝。在中国共产党第二十次全国代表大会上，习近平总书记提出推动战略性新兴产业融合集群发展，构建新一代信息技术、人工智能等一批新的增长引擎[1]。大数据和云计算等技术不断发展，人工智能也发展迅猛，在此背景下，“机器学习”课程逐渐成了各高校人才培养方案的核心课程。推广“...,王兴梅 杨东梅 蔡成涛,《科教导刊》,2024年01期,期刊,关键词：机器学习 / 人才培养 / 课程思政 / 校企合作,下载（199）,被引（1）
机器学习算法在心理健康领域的应用研究  CNKI文献,机器学习算法是一种强大的数据分析技术，已经在心理健康领域得到推广与应用。本文从机器学习算法的概念出发，梳理了机器学习算法的种类及其辅助心理健康预测的具体路径，重点阐述了其在辅助诊断心理健康问题、丰富相关研究手段以及预测治疗效果三个方面的应用情况，最后对机器学习算法在心理健康领域的应用研究提出了展望，以期发挥机器学习算法在识别、预防和解决国...,周禹西 潘鑫燊,《华东科技》,2024年01期,期刊,关键词：机器学习算法 / 心理健康领域,下载（231）,被引（1）
机器学习视角下风味分子研究及其在茉莉花茶中的应用  CNKI文献,茶包括各种茶叶、花果茶和茶类食品[1-2]。其中，茉莉花茶作为中国特色的传统香片茶，因其独特宜人的香气和口感而广受大众喜爱[3]。茶类饮品的风味是影响其品质和市场竞争力的核心因素之一[4]。随着科技和食品工程领域的快速发展，茶的风味分析和品质控制变得更加精细和复杂。传统的人工感官评价虽然有一定的参考价值，但受主观性和经验性因素的影响，难以实现客观而高效的风味分析[5]。 [1-2] [3] ...,庞杰 李小林 王芹 张钦华 黄世国 孙意岚,《粮油食品科技》,2024年02期,期刊,关键词：风味分子 / 机器学习 / 茉莉花茶 / 品质预测与控制,下载（685）,被引（1）
机器学习在食品贮藏品质预测中的应用  CNKI文献,随着生活品质的提升与全民健康意识的增强，人们对食品需求量持续增大，对其品质要求不断提升[1-2]。然而，食品在生产、贮藏、流通过程中会受到多种因素的影响而导致其品质劣变，如常见的微生物腐败变质[3-4]、机械振动损伤[5-6]、蒸腾作用[7]、失水萎蔫[8]等。此外，我国仅果蔬在运输环节的年损失量就高达700亿元[2]，存在着巨大的食品浪费。因此，通过预测的手段并及时调整储运条件，从而精准调控食品...,代帅帅 吴伟杰 牛犇 房祥军 陈慧芝 陈杭君 郜海燕,《中国食品学报》,2023年12期,期刊,关键词：食品品质 / 预测 / 机器学习 / 微生物,下载（978）,被引（1）
基于CPTU测试岩土参数机器学习应用研究  CNKI文献,开放科学（资源服务）标识码（OSID) 0 引言 随着我国“十三五”规划目标的完成，“十四五”规划和“一带一路”倡议的推进，城镇化建设快速发展，交通、市政、地下空间等基础设施密集建造，涉及大量回填和开挖等岩土工程。这些岩土工程在施工和运营过程中常发生超出预期的变形，影响周边环境和既有建（构）筑物，并威胁人民生命财产安全。为了保证工程安全和环境影响可控，对岩土参数的准确性提出了更高的要求。因此，...,徐全善 祝毓萍 沈正,《电脑知识与技术》,2023年33期,期刊,关键词：孔压静力触探 / 岩土参数 / 机器学习 / 贝叶斯,下载（123）,被引（0）
基于机器学习技术的系统性金融风险监测预警  CNKI文献,0 引言 近年来，人工智能技术尤其是机器学习给很多行业带来了深刻变革，助推了相关领域的创新和发展。金融行业也不例外，随着金融科技的不断发展，金融业在许多层面都经历了或者正在发生重大的变革。具体到金融风险管理领域，由于现代金融体系愈加复杂化，传统的风险建模手段的局限性也日益凸显，而机器学习方法善于捕捉变量间的复杂非线性关系，相对于传统的经济分析和预测技术而言具有诸多内在优势...,李红权 周亮,《运筹与管理》,2023年11期,期刊,关键词：系统性金融风险 / 风险预警 / 机器学习 / 非线性建模,下载（1927）,被引（0）
人工智能与机器学习在网络安全中的应用性研究  CNKI文献,引言 人工智能与机器学习为网络安全中的漏洞管理方面提供了有效的技术支持，使网络安全得到增强。人工智能与机器学习技术可以自动化漏洞扫描和分析过程，识别系统和应用程序中的潜在漏洞，并评估其严重性。通过对漏洞进行优先级排序，安全团队可以更有效地分配资源和优先处理最关键的漏洞，从而提高整体安全性。人工智能与机器学习还能够从历史漏洞数据中学习，发现新的漏洞模...,梅泽川,《泰山学院学报》,2023年06期,期刊,关键词：人工智能 / 机器学习 / 网络安全 / 实用性,下载（218）,被引（0）
机器学习在谵妄风险预测模型构建中的研究进展  CNKI文献,"谵妄是一种急性可逆性神经精神综合征，以急性起病和病情反复波动为主要特征[1]。据报道，谵妄在普通病房的发生率为12%[2]，在老年病房的发生率为20%～29%，在重症监护室(intensive care unit,ICU)的发生率为20%～50%，大手术后的高危患者谵妄发生率高达50%～70%[3]。患者在住院期间发生谵妄，可能导致一系列不良后果，提高致残率和致死率[4]。研究表明，30%～40%...",张伟丽 邱晨 宋玉祥 罗云根 宋咪 高远,《解放军医学院学报》,2023年11期,期刊,关键词：机器学习 / 人工智能 / 谵妄 / 风险因素,下载（836）,被引（0）
生成式人工智能机器学习中的著作权风险及其化解路径  CNKI文献,"近年来，人工智能，尤其是生成式人工智能（Generative Artificial Intelligence，下文简称“生成式AI”）的快速发展，给文学、绘画、音乐、计算机编程等领域带来了巨大的冲击。生成式AI技术更是入选了世界经济论坛（World Economic Forum,WEF）“2023十大新兴技术”，成为未来三到五年内对世界影响最大、推动第四次产业革命的新兴核心技术之一。1与此同时，当...",詹爱岚 田一农,《电子知识产权》,2023年11期,期刊,关键词：生成式人工智能 / 机器学习 / 著作权 / 合理使用,下载（1462）,被引（0）
基于机器学习电子封装互连材料研究现状  CNKI文献,0前言 自1965年摩尔定律提出以来，芯片的特征尺寸按照摩尔定律而不断减小，性能也随之不断提高。随着芯片特征尺寸不断减小至几纳米级，特征尺寸已接近单晶Si的物理极限，摩尔定律不再适用，半导体行业已逐渐步入“后摩尔时代”。采用先进3D封装技术，提高封装集成度以提高芯片性能的方法被广泛认为是延续摩尔定律的关键决策之一。在这期间，封装的形式从简单的直插式引脚封装发展到球栅阵列(Ball grid ar...,张墅野 段晓康 罗克宇 许孙武 张志昊 陈捷狮 何鹏,《机械工程学报》,2023年22期,期刊,关键词：机器学习 / 电子封装 / 高熵合金 / 可靠性,下载（337）,被引（0）
机器学习在军队专项经费审计中的应用研究  CNKI文献,随着大数据和计算机技术的飞速发展，机器学习等先进的智能化技术也得到了快速的发展，而且应用领域也在逐渐扩大，银行、电网、金融业等行业都开始应用机器学习技术。同时，军队专项经费审计中开始推行机器学习，并借助机器学习的优势来提升审计活动自动化、智能化、科学化水平，同时将其应用到专项经费审计中还能提升专项资金的利用率，提升审计工作质量。 一、机器学习...,陈帝欣,《经济研究导刊》,2023年21期,期刊,关键词：机器学习 / 军队专项经费审计 / 应用策略 / 应用效果,下载（72）,被引（0）
机器学习在土壤盐渍化遥感中应用的文献计量分析  CNKI文献,土壤盐渍化又称土壤盐碱化，是世界范围内正面临的主要生态环境问题之一，也是世界各地土壤退化的主要原因之一[1]，严重威胁着粮食安全和生态系统的功能，需要通过监测和管理予以充分的关注[2]。盐渍化土壤复杂时空特性的及时有效监测是遥感技术长处所在[3]，在过去十多年间，已经快速发展成为监测土壤盐渍化程度及分布的重要工具[4]。 [1] [2] [3] [4] 机器学习是人工智能的一...,张佘淑 赵军,《草业科学》,2023年11期,期刊,关键词：土壤盐渍化 / 文献计量可视化 / 机器学习建模 / 特征变量,下载（316）,被引（0）
基于机器学习算法的饮料调配装置优化设计  CNKI文献,引言 随着人们对个性化和高效率的需求不断增加，饮料调配装置成为现代餐饮业中不可或缺的一部分。传统的饮料调配装置通常基于预设的配方进行操作，无法满足顾客在口味、甜度、浓度等方面的个性化需求。此外，传统装置的调配过程通常需要人工操作，效率较低。因此，如何设计一种能够自动化、高效率且满足个性化需求的饮料调配装置成为了一个重要的研究课题。 一、饮料调配装置的背景和研究意义 饮料调配装置是一种用于自动...,徐海霞,《酒·饮料技术装备》,2023年06期,期刊,关键词：机器学习算法 / 饮料调配装置 / 优化设计 / 自动化,下载（42）,被引（0）
机器学习在实验动物设施管理中的应用进展与展望  CNKI文献,"实验动物设施是实验动物饲养及实验的主要场所，也是保障实验动物饲育质量的重要基础和支撑条件。目前，实验动物设施的大部分系统及设备中都应用了传感器及物联网技术，积累了大量的运行数据，能够直接反映实验动物设施最真实的状态[1]。这些运行数据有着数量大、维度多的特点，常规分析手段无法充分挖掘其数据价值。机器学习(machine learning),是从数据中学习特定任务的计算机算法...",徐骁 陈琦,《中国比较医学杂志》,2024年01期,期刊,关键词：机器学习 / 实验动物设施 / 屏障设施,下载（198）,被引（0）
机器学习模型输入指标选择方法研究——以上市公司财报舞弊判别为例  CNKI文献,上市公司信息披露准确与否将对财报使用者的决策产生较大的影响。近年来，上市公司的舞弊手段越发多样化和隐蔽化，且更加具有针对性，仅依靠传统分析手段较难发现舞弊行为。机器学习模型不同于传统分析手段，其通过输入特定的样本数据进行训练和拟合并进行预测分析的方法，能发现传统分析手段难以识别出的问题，目前已经有越来越多的研究开始关注这一领域。机器学习模型的应用较为简单，只需输入特定的财务...,刘佳进,《商业会计》,2023年21期,期刊,关键词：上市公司财务舞弊 / 机器学习 / 舞弊判别 / Logistics回归分析模型,下载（264）,被引（0）
智能机器学习算法在电力信息化中的应用  CNKI文献,0 引言 智能机器学习算法在电力信息化中承担着关键角色。为了更好地理解其应用，我们首先介绍机器学习的基础知识。机器学习是一种利用数据和统计技术让计算机自动学习、改进和预测的方法。 1 研究背景 在电力信息化中，智能机器学习算法的特点主要体现在其自动学习和适应性能力方面。这些算法能够通过对大量数据进行学习和分析...,王敏,《集成电路应用》,2023年11期,期刊,关键词：智能技术 / 机器学习 / 算法应用 / 模型评估,下载（107）,被引（0）
生物分子模拟中的机器学习方法  CNKI文献,"1)(南京大学物理学院,南京　210093)2)(国科温州研究院,温州生物物理重点实验室,温州　325000)分子模拟技术已成为人们从分子层次探究生命原理的强有力工具.经过近50年的发展,生物分子模拟能够实现对蛋白折叠、构象运动和蛋白-蛋白分子相互作用等复杂分子体系的生物过程的动力学和热力学性质进行定量表征.近年来,以深度学习为代表的机器学习算法的应用进一步推动了生物分子模...",管星悦 黄恒焱 彭华祺 刘彦航 李文飞 王炜,《物理学报》,2023年24期,期刊,关键词：生物大分子 / 分子模拟 / 机器学习 / 增强采样,下载（405）,被引（0）
基于XGBoost机器学习模型的信用评分卡与基于逻辑回归模型的对比  CNKI文献,在金融风控领域，如何根据贷款客户的基本信息和行为数据等，利用一定的分类模型，将贷款客户区分为违约客户和非违约客户，从而减少贷款机构的信用风险，是金融贷款机构孜孜不倦的追求.当前有两种主流分类模型——统计学模型和机器学习模型.逻辑回归模型是最常用的统计学模型，其优点主要体现在：第一，理论基础成熟，适合二分类问题[1]；第二，可解释性较强，易于理解[2]；第三，模型训练时间短[3].缺点主...,张利斌 吴宗文,《中南民族大学学报(自然科学版)》,2023年06期,期刊,关键词：逻辑回归模型 / XGBoost机器学习模型 / 信用评分卡,下载（2019）,被引（0）
异质性政策效应评估与机器学习方法：研究进展与未来方向  CNKI文献,一、引言 推动国家治理体系和治理能力的现代化，离不开对政策效应的科学准确评估。而随着社会科学领域内的学术研究对政策效应评估的关注越来越多，政策在不同群体中产生的异质性效应也逐渐受到重视（布兰德、托马斯，2013；阿西、因本斯，2015）。这是因为，在政策效应评估中，我们不仅希望评估某一政策是否有效或产生多大的效应，即平均处理效应，也希望了解谁在政策中受益更多，以及谁又在政策中受损，即异质性处理效...,陶旭辉 郭峰,《管理世界》,2023年11期,期刊,关键词：政策效应评估 / 异质性处理效应 / 机器学习 / 大数据,下载（8401）,被引（0）
体育机器学习的研究热点与趋势——基于CiteSpace的可视化分析  CNKI文献,体育机器学习的研究热点与趋势——基于CiteSpace的可视化分析@欧阳彦$武汉体育学院体育工程与信息技术学院!湖北武汉430079$国家体育总局体育工程重点实验室!湖北武汉430079 @周文嘉$武汉体育学院体育工程与信息技术学院!湖北武汉430079$国家体育总局体育工程重点实验室!湖北武汉430079 @王聿森$武汉体育学院体育工程与信息技术学院!湖北武汉430079$国...,欧阳彦 周文嘉 王聿森 彭李明 郑伟涛 王虹,第十三届全国体育科学大会论文摘要集——专题报告(体育信息分会), 2023-11-03 ,第十三届全国体育科学大会论文摘要集——专题报告(体育信息分会),关键词：体育 / 机器学习 / 知识图谱,下载（131）,被引（0）
机器学习技术应用肥胖研究的系统综述  CNKI文献,机器学习技术应用肥胖研究的系统综述@宋彦李青$南京工业大学体育学院!江苏南京211023 @刘悦$上海体育学院运动科学学院!上海200082 @吴瑞亭$北京市西城区少年儿童业余体校!北京100000研究目的:系统的梳理机器学习技术在肥胖研究领域中的应用。将涵盖机器学习技术在肥胖研究应用的关键问题。机器学习本质上是大型数据集与特定类别的机...,宋彦李青 刘悦 吴瑞亭,第十三届全国体育科学大会论文摘要集——专题报告(体质与健康分会), 2023-11-03 ,第十三届全国体育科学大会论文摘要集——专题报告(体质与健康分会),关键词：机器学习 / 肥胖 / 健康促进 / 人工智能,下载（123）,被引（0）
体育预测研究新道路——机器学习及其在竞技体育中的应用分析  CNKI文献,"体育预测研究新道路——机器学习及其在竞技体育中的应用分析@袁海坤$东北师范大学体育学院!吉林长春130024 @王文龙$东北师范大学体育学院!吉林长春130024 @邢金明$东北师范大学体育学院!吉林长春130024 @崔佳琦$东北师范大学体育学院!吉林长春130024在推进中国式现代化进程中,数字技术的深度渗透已经成为推动体育高质量发展的重要力量。由于人类自身决策功能的局...",袁海坤 王文龙 邢金明 崔佳琦,第十三届全国体育科学大会论文摘要集——书面交流(体育社会科学分会), 2023-11-03 ,第十三届全国体育科学大会论文摘要集——书面交流(体育社会科学分会),关键词：体育预测 / 机器学习 / 体育智能 / 定量研究方法,下载（48）,被引（0）
基于机器学习的建筑震后损伤评估模型及地震动特征分析方法研究  CNKI文献,广州大学 博士 2023 基于机器学习的建筑震后损伤评估模型及地震动特征分析方法研究 A Machine Learning-based Study on Post-Earthquake Damage Assessment Model and Ground Motion Characterization Method for Buildings 张鹏 孙作玉 结构工程 A...,张鹏 导师:孙作玉,中国博士学位论文全文数据库, 2023-11-01 ,中国博士学位论文全文数据库,关键词：机器学习 / 地震损伤评估 / 神经网络 / 地震动特征分析,下载（157）,被引（0）
基于机器学习预测股票收益率的三步骤投资组合优化  CNKI文献,"东北财经大学 硕士 2023 基于机器学习预测股票收益率的三步骤投资组合优化 Three-step Portfolio Optimization for Stock Returns Prediction Based on Machine Learning 王博君 史永东 金融学 自马科维兹的资产组合选择模型诞生以来,伴随着全球资本市场的发展,提出有效的投资管理策略一直是...",王博君 导师:史永东,中国优秀硕士学位论文全文数据库, 2023-11-01 ,中国优秀硕士学位论文全文数据库,关键词：机器学习 / 投资组合优化 / 历史收益率约束 / 人工智能,下载（264）,被引（0）
